Unité;F;f_chapitre 22;score_chapitre 22
périgourdin;9;8;6.9016
tragédie;9;8;6.9016
marquise;10;8;6.2453
exempt;6;6;5.8593
dame;21;11;5.6366
Paris;12;8;5.2891
lettre;5;5;4.8825
pièce;11;7;4.4854
nous;183;5;-4.2024
Candide;284;51;3.9438
acteur;4;4;3.9058
ponte;4;4;3.9058
carte;4;4;3.9058
mon;187;6;-3.771
gens;26;10;3.7367
jouer;10;6;3.7011
Pangloss;95;1;-3.5225
contre;20;8;3.2217
dire;408;64;3.0645
Cacambo;84;1;-3.037
reine;3;3;2.9292
FAUX;3;3;2.9292
mademoiselle;45;12;2.7114
mener;34;10;2.687
livre;19;7;2.6334
diamant;24;8;2.6229
son;278;45;2.5986
Martin;104;21;2.5797
roi;52;0;-2.5222
souper;25;8;2.4971
parfaitement;4;3;2.363
jeu;4;3;2.363
fripon;4;3;2.363
dévot;4;3;2.363
C';21;7;2.3524
notre;48;0;-2.3281
baron;46;0;-2.231
sur;125;5;-2.1646
pour;178;9;-2.1464
savant;13;5;2.0893
enterrer;5;3;2.0006
doigt;5;3;2.0006
acteur|actrice;5;3;2.0006
abbé;24;22;19.1515
faubourg;2;2;1.9527
léger;2;2;1.9527
énorme;2;2;1.9527
malade;2;2;1.9527
habitué;2;2;1.9527
clerc;2;2;1.9527
serviable;2;2;1.9527
haïr;2;2;1.9527
folliculaire;2;2;1.9527
Périgourdin;2;2;1.9527
Clairon;2;2;1.9527
pharaon;2;2;1.9527
asseoir;2;2;1.9527
Parolignac;2;2;1.9527
langage;2;2;1.9527
politique;2;2;1.9527
roman;2;2;1.9527
Gauchat;2;2;1.9527
impertinent;2;2;1.9527
ponter;2;2;1.9527
archidiacre;2;2;1.9527
intérêt;2;2;1.9527
poëte;2;2;1.9527
Alors;2;2;1.9527
courtisan;2;2;1.9527
ombre;2;2;1.9527
tache;2;2;1.9527
infidélité;2;2;1.9527
rideau;2;2;1.9527
madame;14;5;1.9364
comme;69;14;1.917
étranger;25;7;1.8992
maître;39;0;-1.8913
terre;38;0;-1.8428
monsieur;51;11;1.7993
Oui;15;5;1.7992
mettre;54;1;-1.7509
gueux;6;3;1.735
maladie;6;3;1.735
attention;6;3;1.735
plupart;6;3;1.735
prix;6;3;1.735
la;27;7;1.7137
parler;46;10;1.7017
père;35;0;-1.6972
manger;33;0;-1.6002
laisser;17;5;1.5625
chose;32;0;-1.5517
jésuite;32;0;-1.5517
aller;91;4;-1.5161
tel;12;4;1.5132
quelquefois;12;4;1.5132
banquier;3;2;1.5073
placer;3;2;1.5073
raisonnement;3;2;1.5073
église;3;2;1.5073
voirie;3;2;1.5073
pistole;3;2;1.5073
suivant;3;2;1.5073
mode;3;2;1.5073
qu';3;2;1.5073
commettre;3;2;1.5073
passage;3;2;1.5073
distinguer;3;2;1.5073
Dorado;3;2;1.5073
causer;3;2;1.5073
Cette;3;2;1.5073
silence;3;2;1.5073
laquais;3;2;1.5073
lumière;3;2;1.5073
coup;30;0;-1.4547
ni;44;9;1.4209
»;196;29;1.4061
mauvais;13;4;1.3905
avoir;724;62;-1.3845
beaucoup;25;6;1.3762
rire;8;3;1.3579
écrire;8;3;1.3579
alors;8;3;1.3579
Bordeaux;8;3;1.3579
[;74;13;1.345
];74;13;1.345
si;122;7;-1.3196
pied;27;0;-1.3092
esprit;14;4;1.2811
ensuite;14;4;1.2811
vieux;42;1;-1.2613
au;194;28;1.2603
remarquer;4;2;1.2376
charmant;4;2;1.2376
théâtre;4;2;1.2376
vilain;4;2;1.2376
compagnie;4;2;1.2376
concevoir;4;2;1.2376
scène;4;2;1.2376
saluer;4;2;1.2376
logis;4;2;1.2376
détestable;4;2;1.2376
théologie;4;2;1.2376
Dieppe;4;2;1.2376
Venise;27;6;1.2313
—;245;34;1.2221
leur;106;6;-1.2194
ramasser;9;3;1.2165
pleurer;9;3;1.2165
foi|fois;25;0;-1.2122
le;2213;212;-1.1926
approcher;15;4;1.1831
bulgare;24;0;-1.1637
jusque;23;0;-1.1152
enfin;38;1;-1.1031
Vestphalie;10;3;1.0961
répliquer;10;3;1.0961
moitié;10;3;1.0961
cependant;10;3;1.0961
honneur;16;4;1.0946
cœur;16;4;1.0946
et;899;82;-1.0756
répondre;44;8;1.0593
arrêter;5;2;1.0469
rang;5;2;1.0469
proposer;5;2;1.0469
querelle;5;2;1.0469
route;5;2;1.0469
compter;5;2;1.0469
offrir;5;2;1.0469
parent|parents;5;2;1.0469
propos;5;2;1.0469
Angleterre;5;2;1.0469
@card@;106;16;1.0414
sœur;21;0;-1.0182
capitaine;21;0;-1.0182
avouer;21;0;-1.0182
inquisiteur;21;0;-1.0182
lui;231;31;1.0096
moi|mois;11;3;0.9921
devoir;24;5;0.9916
donner;73;4;-0.9827
de;1685;194;0.9797
encore;48;2;-0.9771
très-fâché;1;1;0.9763
Académie;1;1;0.9763
adjuger;1;1;0.9763
Nord;1;1;0.9763
B;1;1;0.9763
C;1;1;0.9763
Z;1;1;0.9763
clavelée;1;1;0.9763
Cet;1;1;0.9763
Saint-Marceau;1;1;0.9763
équipage;1;1;0.9763
cassette;1;1;0.9763
pesant;1;1;0.9763
mander;1;1;0.9763
chauffer;1;1;0.9763
bouillon;1;1;0.9763
saignée;1;1;0.9763
sérieux;1;1;0.9763
payable;1;1;0.9763
porteur;1;1;0.9763
importuner;1;1;0.9763
échauffer;1;1;0.9763
scandale;1;1;0.9763
procès-verbal;1;1;0.9763
convalescence;1;1;0.9763
as;1;1;0.9763
empressé;1;1;0.9763
alerte;1;1;0.9763
caressant;1;1;0.9763
accommodant;1;1;0.9763
guetter;1;1;0.9763
scandaleux;1;1;0.9763
comédie;1;1;0.9763
entr'acte;1;1;0.9763
arabe;1;1;0.9763
Arabie;1;1;0.9763
inné;1;1;0.9763
brochure;1;1;0.9763
Cinq;1;1;0.9763
Quinze;1;1;0.9763
seize;1;1;0.9763
Élisabeth;1;1;0.9763
étiquette;1;1;0.9763
Des;1;1;0.9763
Monime;1;1;0.9763
sépulture;1;1;0.9763
pourrir;1;1;0.9763
cimetière;1;1;0.9763
bande;1;1;0.9763
Bourgogne;1;1;0.9763
très-noblement;1;1;0.9763
impoli;1;1;0.9763
contradiction;1;1;0.9763
incompatibilité;1;1;0.9763
tribunal;1;1;0.9763
drôle;1;1;0.9763
mal-vivant;1;1;0.9763
quiconque;1;1;0.9763
réussir;1;1;0.9763
jouissant;1;1;0.9763
littérature;1;1;0.9763
venin;1;1;0.9763
faiseur;1;1;0.9763
Fréron;1;1;0.9763
défiler;1;1;0.9763
Quoique;1;1;0.9763
très-empressé;1;1;0.9763
qualité;1;1;0.9763
Saint-Honoré;1;1;0.9763
registre;1;1;0.9763
cornu;1;1;0.9763
régner;1;1;0.9763
pâleur;1;1;0.9763
impitoyable;1;1;0.9763
lynx;1;1;0.9763
paroli;1;1;0.9763
sept-et-le-va;1;1;0.9763
joueur;1;1;0.9763
corner;1;1;0.9763
décorner;1;1;0.9763
sévère;1;1;0.9763
fâcher;1;1;0.9763
pratique;1;1;0.9763
tâcher;1;1;0.9763
cruauté;1;1;0.9763
gracieux;1;1;0.9763
tout-à-fait;1;1;0.9763
franc;1;1;0.9763
très-gaiement;1;1;0.9763
perte;1;1;0.9763
milord;1;1;0.9763
médisance;1;1;0.9763
sieur;1;1;0.9763
écrit;1;1;0.9763
rassasier;1;1;0.9763
immensité;1;1;0.9763
inonder;1;1;0.9763
Trublet;1;1;0.9763
ennuyeux;1;1;0.9763
curieusement;1;1;0.9763
discuter;1;1;0.9763
pesamment;1;1;0.9763
approprier;1;1;0.9763
piller;1;1;0.9763
appuyer;1;1;0.9763
spectateur;1;1;0.9763
pureté;1;1;0.9763
continu;1;1;0.9763
rime;1;1;0.9763
Quiconque;1;1;0.9763
ajouta-t;1;1;0.9763
règle|règles;1;1;0.9763
écrivain;1;1;0.9763
idylle;1;1;0.9763
dialogue;1;1;0.9763
rimer;1;1;0.9763
amplification;1;1;0.9763
rêve;1;1;0.9763
énergumène;1;1;0.9763
style;1;1;0.9763
interrompre;1;1;0.9763
apostrophe;1;1;0.9763
ampoulé;1;1;0.9763
discoureur;1;1;0.9763
sifflé;1;1;0.9763
boutique;1;1;0.9763
exemplaire;1;1;0.9763
dédier;1;1;0.9763
Moi;1;1;0.9763
excepté;1;1;0.9763
union;1;1;0.9763
janséniste;1;1;0.9763
moliniste;1;1;0.9763
financier;1;1;0.9763
pis;1;1;0.9763
dispenser;1;1;0.9763
faute;1;1;0.9763
éperdument;1;1;0.9763
jarretière;1;1;0.9763
languir;1;1;0.9763
extorquer;1;1;0.9763
illustre;1;1;0.9763
Vestphalienne;1;1;0.9763
rêveur;1;1;0.9763
très-cher;1;1;0.9763
lettrer;1;1;0.9763
inespéré;1;1;0.9763
hôtel;1;1;0.9763
sangloter;1;1;0.9763
soudain;1;1;0.9763
potelé;1;1;0.9763
sac;1;1;0.9763
fauteuil;1;1;0.9763
transport;1;1;0.9763
escouade;1;1;0.9763
suspect;1;1;0.9763
basse-fosse;1;1;0.9763
abuser;1;1;0.9763
procédure;1;1;0.9763
éclairer;1;1;0.9763
impatient;1;1;0.9763
véritable;1;1;0.9763
ivoire;1;1;0.9763
Normandie;1;1;0.9763
arrête-t;1;1;0.9763
Atrébatie;1;1;0.9763
parricide;1;1;0.9763
mai;1;1;0.9763
décembre;1;1;0.9763
commis;1;1;0.9763
danse;1;1;0.9763
agacer;1;1;0.9763
Basse-Normandie;1;1;0.9763
barigel;1;1;0.9763
Normand;1;1;0.9763
maison;20;0;-0.9697
mère;20;0;-0.9697
fille;34;1;-0.9482
nouveau;18;4;0.9413
moi;71;4;-0.9277
vivre;19;0;-0.9212
servir;19;0;-0.9212
«;219;29;0.9211
jour;46;2;-0.9108
cher;33;1;-0.91
sottise;6;2;0.9015
tendre;6;2;0.9015
expliquer;6;2;0.9015
jurer;6;2;0.9015
amant;6;2;0.9015
lieu;6;2;0.9015
occuper;6;2;0.9015
engager;6;2;0.9015
étonner;12;3;0.9011
bientôt;12;3;0.9011
chez;33;6;0.8898
homme;104;15;0.8792
vouloir;64;10;0.8738
droit;18;0;-0.8727
meilleur;18;0;-0.8727
revenir;18;0;-0.8727
voilà;18;0;-0.8727
bout;18;0;-0.8727
vieille;18;0;-0.8727
galère;18;0;-0.8727
patron;18;0;-0.8727
chapitre;32;1;-0.8721
femme;32;1;-0.8721
dans;317;27;-0.8695
être;922;87;-0.8484
même;56;3;-0.8415
je;519;47;-0.8354
tomber;17;0;-0.8242
mort;17;0;-0.8242
juif;17;0;-0.8242
partir;17;0;-0.8242
parce;13;3;0.8209
Ah;13;3;0.8209
pourquoi;13;3;0.8209
main;20;4;0.8133
cela;20;4;0.8133
peine;20;4;0.8133
Elle;7;2;0.7858
lit;7;2;0.7858
dégoûter;7;2;0.7858
combien;7;2;0.7858
médecin;7;2;0.7858
lire;7;2;0.7858
vaisseau;42;2;-0.7818
moment;16;0;-0.7757
déjà;16;0;-0.7757
tu;16;0;-0.7757
cent;29;1;-0.7601
dont;36;6;0.7586
appeler;14;3;0.7497
apprendre;14;3;0.7497
Ce;14;3;0.7497
#NOM?;14;3;0.7497
pas;214;18;-0.7415
naître;15;0;-0.7272
sous;15;0;-0.7272
piastre;15;0;-0.7272
château;28;1;-0.7233
ici;28;1;-0.7233
aussi;40;2;-0.7191
elle;128;17;0.7164
:;206;26;0.7102
pouvoir;120;16;0.7062
cochon;2;1;0.6988
mouchoir;2;1;0.6988
billet;2;1;0.6988
fer;2;1;0.6988
cachot;2;1;0.6988
neuf;2;1;0.6988
coin;2;1;0.6988
exprès;2;1;0.6988
arroser;2;1;0.6988
refermer;2;1;0.6988
réponse;2;1;0.6988
profondément;2;1;0.6988
emmener;2;1;0.6988
détourner;2;1;0.6988
inexprimable;2;1;0.6988
auberge;2;1;0.6988
douceur;2;1;0.6988
civil;2;1;0.6988
tigre;2;1;0.6988
débarrasser;2;1;0.6988
situation;2;1;0.6988
prodigieusement;2;1;0.6988
très-bonne;2;1;0.6988
siège;2;1;0.6988
profiter;2;1;0.6988
vraiment;2;1;0.6988
diviser;2;1;0.6988
introduire;2;1;0.6988
émotion;2;1;0.6988
palpiter;2;1;0.6988
honorer;2;1;0.6988
effronté;2;1;0.6988
clin;2;1;0.6988
remords;2;1;0.6988
légèrement;2;1;0.6988
feuille;2;1;0.6988
mélange;2;1;0.6988
endormir;2;1;0.6988
réveil;2;1;0.6988
remuer;2;1;0.6988
Français;2;1;0.6988
fange;2;1;0.6988
capitale;2;1;0.6988
imaginable;2;1;0.6988
parlement;2;1;0.6988
charge;2;1;0.6988
applaudir;2;1;0.6988
intime;2;1;0.6988
libraire;2;1;0.6988
friponnerie;2;1;0.6988
Monsieur;2;1;0.6988
laine;2;1;0.6988
Cependant;2;1;0.6988
france;2;1;0.6988
polir;2;1;0.6988
enrager;2;1;0.6988
chaise;2;1;0.6988
médecine;2;1;0.6988
épaule;2;1;0.6988
raisonneur;2;1;0.6988
tort;2;1;0.6988
très-content;2;1;0.6988
respecter;2;1;0.6988
refuser;2;1;0.6988
naturellement;2;1;0.6988
front;2;1;0.6988
plaisanterie;2;1;0.6988
insipide;2;1;0.6988
impertinence;2;1;0.6988
mortel;2;1;0.6988
gâter;2;1;0.6988
séduire;2;1;0.6988
bizarre;2;1;0.6988
rebuter;2;1;0.6988
dieu;2;1;0.6988
maxime;2;1;0.6988
gai;2;1;0.6988
mari;2;1;0.6988
éternel;2;1;0.6988
souris;2;1;0.6988
valeur;2;1;0.6988
ailler;2;1;0.6988
ours;2;1;0.6988
méprendre;2;1;0.6988
renvoyer;2;1;0.6988
autre;95;13;0.6979
cinquante;8;2;0.691
année;8;2;0.691
lever;8;2;0.691
remettre;8;2;0.691
guérir;8;2;0.691
vite;8;2;0.691
oreille;8;2;0.691
partie;8;2;0.691
apporter;8;2;0.691
peuple;8;2;0.691
quinze;8;2;0.691
chemin;8;2;0.691
mieux;27;1;-0.6869
ou;38;6;0.6824
épouser;14;0;-0.6787
monseigneur;14;0;-0.6787
effet;14;0;-0.6787
quoique;14;0;-0.6787
argent;14;0;-0.6787
payer|payer;14;0;-0.6787
enfant;14;0;-0.6787
soldat;14;0;-0.6787
discours;14;0;-0.6787
Paquette;14;0;-0.6787
mer;14;0;-0.6787
sommer|être;14;0;-0.6787
révérend;14;0;-0.6787
Pococurante;14;0;-0.6787
paraître;23;4;0.6573
plaisir;23;4;0.6573
peu;49;3;-0.647
quand;60;4;-0.6441
plus;176;15;-0.6418
faire;273;33;0.6375
porte;13;0;-0.6302
derrière;13;0;-0.6302
grâce;13;0;-0.6302
vieillard;13;0;-0.6302
heure;13;0;-0.6302
noir;13;0;-0.6302
vérité;13;0;-0.6302
cheval;13;0;-0.6302
valet;13;0;-0.6302
Europe;13;0;-0.6302
tuer;37;2;-0.6277
là;25;1;-0.6151
écouter;9;2;0.6116
amener;9;2;0.6116
voyageur;9;2;0.6116
goût;9;2;0.6116
idée;9;2;0.6116
à;643;62;-0.6111
assez;32;5;0.6106
par;122;10;-0.607
jamais;49;7;0.5911
toujours;49;7;0.5911
âme;12;0;-0.5817
manquer;12;0;-0.5817
dix;12;0;-0.5817
présent;12;0;-0.5817
état;12;0;-0.5817
courir;12;0;-0.5817
présenter;12;0;-0.5817
Constantinople;12;0;-0.5817
entre;17;3;0.5773
connaître;17;3;0.5773
penser;17;3;0.5773
demander;33;5;0.5753
il;736;72;-0.5743
entrer;25;4;0.572
qui;351;41;0.5688
fort;35;2;-0.5687
arriver;35;2;-0.5687
on;243;29;0.568
bien;119;10;-0.5579
ne;507;49;-0.549
observer;3;1;0.5459
mérite;3;1;0.5459
bâton;3;1;0.5459
humain;3;1;0.5459
cul;3;1;0.5459
brave;3;1;0.5459
ôter;3;1;0.5459
émouvoir;3;1;0.5459
page;3;1;0.5459
nombre;3;1;0.5459
rudement;3;1;0.5459
aide;3;1;0.5459
rade;3;1;0.5459
incontinent;3;1;0.5459
éclat;3;1;0.5459
procurer;3;1;0.5459
pardon;3;1;0.5459
campagne;3;1;0.5459
escalier;3;1;0.5459
laisse;3;1;0.5459
pleurant;3;1;0.5459
commun;3;1;0.5459
sentiment;3;1;0.5459
barbare;3;1;0.5459
partager;3;1;0.5459
ouvrir;3;1;0.5459
infortune;3;1;0.5459
serpent;3;1;0.5459
monstre;3;1;0.5459
attaquer;3;1;0.5459
figurer;3;1;0.5459
action;3;1;0.5459
politesse;3;1;0.5459
avertir;3;1;0.5459
présence;3;1;0.5459
Dans;3;1;0.5459
dessein;3;1;0.5459
avantage;3;1;0.5459
moquer;3;1;0.5459
agir;3;1;0.5459
fatigue;3;1;0.5459
nourrir;3;1;0.5459
plutôt;3;1;0.5459
innocence;3;1;0.5459
est-à-dire;3;1;0.5459
exposer;3;1;0.5459
sang-froid;3;1;0.5459
accommoder;3;1;0.5459
empressement;3;1;0.5459
content;3;1;0.5459
imaginer;3;1;0.5459
sublime;3;1;0.5459
très-peu;3;1;0.5459
merveille;3;1;0.5459
Portsmouth;3;1;0.5459
occasion;3;1;0.5459
rester;23;1;-0.5449
chasser;10;2;0.5441
quartier;10;2;0.5441
Et;10;2;0.5441
abord;10;2;0.5441
seul;10;2;0.5441
autant;10;2;0.5441
pauvre;10;2;0.5441
soin;10;2;0.5441
rouge;10;2;0.5441
France;10;2;0.5441
nommer;11;0;-0.5333
seigneur;11;0;-0.5333
cause;11;0;-0.5333
dîner;11;0;-0.5333
brûler;11;0;-0.5333
Mon;11;0;-0.5333
ton;11;0;-0.5333
anabaptiste;11;0;-0.5333
travailler;11;0;-0.5333
corps;11;0;-0.5333
éprouver;11;0;-0.5333
partout;11;0;-0.5333
royaume;11;0;-0.5333
commandant;11;0;-0.5333
Majesté;11;0;-0.5333
auprès;18;3;0.5307
regarder;22;1;-0.5105
Dieu;22;1;-0.5105
deux;146;13;-0.5062
perdre;27;4;0.4985
aimer;27;4;0.4985
où;44;6;0.4968
un;764;85;0.4939
chacun;19;3;0.4883
vie;19;3;0.4883
Thunder-ten-tronckh;11;2;0.4861
cabaret;11;2;0.4861
côté;11;2;0.4861
raisonner;11;2;0.4861
air;11;2;0.4861
aucun;11;2;0.4861
me;224;21;-0.4851
nature;10;0;-0.4848
ancien;10;0;-0.4848
fil|fils;10;0;-0.4848
haut;10;0;-0.4848
marcher;10;0;-0.4848
ciel;10;0;-0.4848
trente;10;0;-0.4848
espèce;10;0;-0.4848
don;10;0;-0.4848
couper;10;0;-0.4848
violer;10;0;-0.4848
malheureux;10;0;-0.4848
prince;10;0;-0.4848
disputer;10;0;-0.4848
espagnol;10;0;-0.4848
carnaval;10;0;-0.4848
six;21;1;-0.4765
se;288;33;0.4731
grand;73;6;-0.4719
quel;42;3;-0.4694
donc;28;4;0.4656
beau;62;5;-0.4565
la|le;153;18;0.4552
trois;37;5;0.4537
avec;126;15;0.4534
fenêtre;4;1;0.4436
âgé;4;1;0.4436
foi;4;1;0.4436
démontrer;4;1;0.4436
science;4;1;0.4436
taille;4;1;0.4436
crime;4;1;0.4436
harmonie;4;1;0.4436
enfer;4;1;0.4436
personnage;4;1;0.4436
force;4;1;0.4436
rue;4;1;0.4436
réparer;4;1;0.4436
demain;4;1;0.4436
canapé;4;1;0.4436
brillant;4;1;0.4436
accabler;4;1;0.4436
raconter;4;1;0.4436
foule;4;1;0.4436
séparer;4;1;0.4436
sourire;4;1;0.4436
passion;4;1;0.4436
aise;4;1;0.4436
inquiétude;4;1;0.4436
délivrer;4;1;0.4436
absolument;4;1;0.4436
congé;4;1;0.4436
transporter;4;1;0.4436
coûter;4;1;0.4436
manichéen;4;1;0.4436
Cela;4;1;0.4436
fond;4;1;0.4436
auteur;4;1;0.4436
anglais;4;1;0.4436
tableau;4;1;0.4436
raison;20;1;-0.443
porter;20;1;-0.443
quelque;64;8;0.4399
Cunégonde;118;14;0.4384
baiser;9;0;-0.4363
voisin;9;0;-0.4363
appartenir;9;0;-0.4363
diable;9;0;-0.4363
Lisbonne;9;0;-0.4363
affaire;9;0;-0.4363
aborder;9;0;-0.4363
Portugal;9;0;-0.4363
Issachar;9;0;-0.4363
palais;9;0;-0.4363
beauté;9;0;-0.4363
Italie;9;0;-0.4363
esclave;9;0;-0.4363
marchand;9;0;-0.4363
oser;9;0;-0.4363
heureux;9;0;-0.4363
charger;9;0;-0.4363
te;9;0;-0.4363
théatin;9;0;-0.4363
an;12;2;0.4357
docteur;12;2;0.4357
sortir;12;2;0.4357
gros;12;2;0.4357
suivre;12;2;0.4357
revoir;12;2;0.4357
mourir;29;4;0.4349
celui;38;5;0.4275
?;169;16;-0.4214
jeune;21;3;0.4144
rendre;21;3;0.4144
tant;21;3;0.4144
car;39;5;0.4029
temps;29;2;-0.4021
mille;48;6;0.4016
mais;130;15;0.399
ce;510;56;0.3988
.;1214;125;-0.3947
traiter;13;2;0.3916
Votre;13;2;0.3916
fin;8;0;-0.3878
conclure;8;0;-0.3878
bonheur;8;0;-0.3878
faim;8;0;-0.3878
messieurs;8;0;-0.3878
Oh;8;0;-0.3878
crier;8;0;-0.3878
chrétien;8;0;-0.3878
Jacques;8;0;-0.3878
peut-être;8;0;-0.3878
aujourd'hui;8;0;-0.3878
vue;8;0;-0.3878
cri;8;0;-0.3878
matelot;8;0;-0.3878
acheter;8;0;-0.3878
soutenir;8;0;-0.3878
jardin;8;0;-0.3878
Quoi;8;0;-0.3878
blanc;8;0;-0.3878
tantôt;8;0;-0.3878
prêt;8;0;-0.3878
En;8;0;-0.3878
épée;8;0;-0.3878
maître|maîtresse;8;0;-0.3878
davantage;8;0;-0.3878
nègre;8;0;-0.3878
français;8;0;-0.3878
moine;8;0;-0.3878
puisque;8;0;-0.3878
Sa;8;0;-0.3878
million;8;0;-0.3878
Surinam;8;0;-0.3878
laid;8;0;-0.3878
détrôner;8;0;-0.3878
ville;22;3;0.3822
quatre;18;1;-0.3776
voler;18;1;-0.3776
remplir;5;1;0.3689
parmi;5;1;0.3689
ordonner;5;1;0.3689
selon;5;1;0.3689
Qu';5;1;0.3689
terme;5;1;0.3689
admirable;5;1;0.3689
puis;5;1;0.3689
connaissance;5;1;0.3689
convive;5;1;0.3689
cabinet;5;1;0.3689
profond;5;1;0.3689
nuit;5;1;0.3689
conseil;5;1;0.3689
Ma;5;1;0.3689
garder;5;1;0.3689
nation;5;1;0.3689
De;5;1;0.3689
eunuque;5;1;0.3689
pourtant;5;1;0.3689
plat;5;1;0.3689
moral;5;1;0.3689
nom;5;1;0.3689
craindre;5;1;0.3689
chère;5;1;0.3689
gouvernement;5;1;0.3689
sujet;5;1;0.3689
envie;5;1;0.3689
Est;5;1;0.3689
curieux;5;1;0.3689
fidèle;5;1;0.3689
vous;329;36;0.3597
suivre|être;47;4;-0.3592
comment;37;3;-0.355
VRAI;14;2;0.3527
ainsi;23;3;0.3526
œil;27;2;-0.3506
monde;60;7;0.3463
table;17;1;-0.3459
vingt;17;1;-0.3459
Hélas;17;1;-0.3459
valoir;17;1;-0.3459
eux;17;1;-0.3459
y;152;15;-0.3415
domestique;7;0;-0.3393
demoiselle;7;0;-0.3393
âge;7;0;-0.3393
prier;7;0;-0.3393
souffrir;7;0;-0.3393
fortune;7;0;-0.3393
trop;7;0;-0.3393
devant;7;0;-0.3393
loi;7;0;-0.3393
métier;7;0;-0.3393
pain;7;0;-0.3393
mériter;7;0;-0.3393
couvrir;7;0;-0.3393
épouvantable;7;0;-0.3393
ah;7;0;-0.3393
souverain;7;0;-0.3393
port;7;0;-0.3393
tremblement;7;0;-0.3393
étendre;7;0;-0.3393
périr;7;0;-0.3393
espérer;7;0;-0.3393
auto-da-fé;7;0;-0.3393
fesser;7;0;-0.3393
feu;7;0;-0.3393
lorsque;7;0;-0.3393
saint;7;0;-0.3393
pierreries;7;0;-0.3393
cunégonde;7;0;-0.3393
montagne;7;0;-0.3393
hôtellerie;7;0;-0.3393
robe;7;0;-0.3393
empereur;7;0;-0.3393
misère;7;0;-0.3393
battre;7;0;-0.3393
officier;7;0;-0.3393
prêtre;7;0;-0.3393
Oreillons;7;0;-0.3393
hôte;7;0;-0.3393
voir;117;13;0.3308
entendre;24;3;0.3255
premier;24;3;0.3255
en;372;40;0.3217
après;45;4;-0.3213
pays;45;4;-0.3213
que;777;81;-0.3189
du;587;61;-0.3184
reprendre;15;2;0.3183
Mais;15;2;0.3183
apercevoir;15;2;0.3183
philosophe;16;1;-0.3148
tête;16;1;-0.3148
tenir;16;1;-0.3148
venir;35;3;-0.3127
autrement;6;1;0.3115
attentivement;6;1;0.3115
voix;6;1;0.3115
trembler;6;1;0.3115
traîner;6;1;0.3115
tendrement;6;1;0.3115
chaque;6;1;0.3115
naturel;6;1;0.3115
achever;6;1;0.3115
hors;6;1;0.3115
Que;6;1;0.3115
empêcher;6;1;0.3115
Voilà;6;1;0.3115
justice;6;1;0.3115
triste;6;1;0.3115
spectacle;6;1;0.3115
huit;6;1;0.3115
J';6;1;0.3115
redoubler;6;1;0.3115
commencer;6;1;0.3115
Quel;6;1;0.3115
plaindre;6;1;0.3115
juger;6;1;0.3115
peur;6;1;0.3115
souvenir;6;1;0.3115
aussitôt;6;1;0.3115
Allemagne;6;1;0.3115
ensemble;6;1;0.3115
quitter;6;1;0.3115
martin;6;1;0.3115
,;2730;289;0.308
savoir;53;6;0.3068
!;186;19;-0.302
personne;25;2;-0.3015
mal;25;2;-0.3015
recevoir;25;2;-0.3015
sans;44;5;0.2991
prendre;63;7;0.2983
mœurs;6;0;-0.2908
soixante;6;0;-0.2908
orner;6;0;-0.2908
besoin;6;0;-0.2908
nez;6;0;-0.2908
jambe;6;0;-0.2908
avancer;6;0;-0.2908
troisième;6;0;-0.2908
suffisant;6;0;-0.2908
agréable;6;0;-0.2908
…;6;0;-0.2908
Bulgares;6;0;-0.2908
Comment;6;0;-0.2908
gauche;6;0;-0.2908
baguette;6;0;-0.2908
informer;6;0;-0.2908
chirurgien;6;0;-0.2908
canon;6;0;-0.2908
coquin;6;0;-0.2908
dernier;6;0;-0.2908
enfuir;6;0;-0.2908
douter;6;0;-0.2908
pape;6;0;-0.2908
misérable;6;0;-0.2908
manière;6;0;-0.2908
cordelier;6;0;-0.2908
turc;6;0;-0.2908
avis;6;0;-0.2908
rivage;6;0;-0.2908
habitant;6;0;-0.2908
vin;6;0;-0.2908
repas;6;0;-0.2908
quart;6;0;-0.2908
surprendre;6;0;-0.2908
surprise;6;0;-0.2908
désespoir;6;0;-0.2908
andalou;6;0;-0.2908
Cadix;6;0;-0.2908
Espagne;6;0;-0.2908
emporter;6;0;-0.2908
allemand;6;0;-0.2908
ennemi;6;0;-0.2908
bord;6;0;-0.2908
Espagnol;6;0;-0.2908
visage;6;0;-0.2908
accompagner;6;0;-0.2908
amiral;6;0;-0.2908
Achmet;6;0;-0.2908
sultan;6;0;-0.2908
levanti;6;0;-0.2908
métairie;6;0;-0.2908
falloir;54;6;0.2906
passer;35;4;0.2897
parole;16;2;0.2877
possible;15;1;-0.2844
écrier;15;1;-0.2844
larme;15;1;-0.2844
vendre;15;1;-0.2844
rien;45;5;0.2817
votre;52;5;-0.2793
frère;24;2;-0.2779
jeter;24;2;-0.2779
Vous;26;3;0.2776
tout;295;31;-0.2708
petit;36;4;0.2707
baron|baronne;7;1;0.2658
environ;7;1;0.2658
dès;7;1;0.2658
tourner;7;1;0.2658
chanter;7;1;0.2658
travers;7;1;0.2658
soit;7;1;0.2658
sen|sens;7;1;0.2658
voile;7;1;0.2658
saisir;7;1;0.2658
soir;7;1;0.2658
langue;7;1;0.2658
sort;7;1;0.2658
noble;7;1;0.2658
joie;7;1;0.2658
caillou;7;1;0.2658
aisément;7;1;0.2658
candide;88;9;-0.2622
bon;56;6;0.2605
mot;17;2;0.2604
or;17;2;0.2604
quoi;27;3;0.2565
longtemps;14;1;-0.2549
guerre;14;1;-0.2549
envoyer;14;1;-0.2549
doute;14;1;-0.2549
Il;41;4;-0.2509
trouver;50;5;-0.2485
doux;5;0;-0.2424
voisinage;5;0;-0.2424
former;5;0;-0.2424
second;5;0;-0.2424
quatrième;5;0;-0.2424
promener;5;0;-0.2424
chambre;5;0;-0.2424
très-jolie;5;0;-0.2424
rougir;5;0;-0.2424
genou;5;0;-0.2424
coucher;5;0;-0.2424
héro|héros;5;0;-0.2424
sur-le-champ;5;0;-0.2424
libre;5;0;-0.2424
déterminer;5;0;-0.2424
essuyer;5;0;-0.2424
cou;5;0;-0.2424
nerf;5;0;-0.2424
sauver;5;0;-0.2424
briller;5;0;-0.2424
près;5;0;-0.2424
monter;5;0;-0.2424
tandis;5;0;-0.2424
égorger;5;0;-0.2424
répandre;5;0;-0.2424
ruine;5;0;-0.2424
riche;5;0;-0.2424
ô;5;0;-0.2424
religion;5;0;-0.2424
toucher;5;0;-0.2424
gorge;5;0;-0.2424
univers;5;0;-0.2424
produire;5;0;-0.2424
abominable;5;0;-0.2424
Ô;5;0;-0.2424
joli;5;0;-0.2424
dévorer;5;0;-0.2424
étrange;5;0;-0.2424
tour;5;0;-0.2424
États;5;0;-0.2424
obliger;5;0;-0.2424
sang;5;0;-0.2424
certainement;5;0;-0.2424
eau;5;0;-0.2424
consoler;5;0;-0.2424
signe;5;0;-0.2424
cérémonie;5;0;-0.2424
musique;5;0;-0.2424
Si;5;0;-0.2424
ventre;5;0;-0.2424
habit;5;0;-0.2424
dormir;5;0;-0.2424
entourer;5;0;-0.2424
cour;5;0;-0.2424
marché;5;0;-0.2424
faiblesse;5;0;-0.2424
nu;5;0;-0.2424
ordre;5;0;-0.2424
arme;5;0;-0.2424
préparer;5;0;-0.2424
fesse;5;0;-0.2424
horriblement;5;0;-0.2424
mien;5;0;-0.2424
bonne;5;0;-0.2424
curiosité;5;0;-0.2424
princesse;5;0;-0.2424
Rome;5;0;-0.2424
corsaire;5;0;-0.2424
Afrique;5;0;-0.2424
empire;5;0;-0.2424
rage;5;0;-0.2424
patrie;5;0;-0.2424
remercier;5;0;-0.2424
destinée;5;0;-0.2424
côte;5;0;-0.2424
verser;5;0;-0.2424
abandonner;5;0;-0.2424
loin;5;0;-0.2424
los;5;0;-0.2424
padres;5;0;-0.2424
garde;5;0;-0.2424
feuillée;5;0;-0.2424
excellent;5;0;-0.2424
baigner;5;0;-0.2424
conversation;5;0;-0.2424
enfoncer;5;0;-0.2424
pitié;5;0;-0.2424
créature;5;0;-0.2424
condition;5;0;-0.2424
broche;5;0;-0.2424
rocher;5;0;-0.2424
cultiver;5;0;-0.2424
famille;5;0;-0.2424
fou;5;0;-0.2424
chercher;5;0;-0.2424
Giroflée;5;0;-0.2424
sénateur;5;0;-0.2424
ramer;5;0;-0.2424
disséquer;5;0;-0.2424
derviche;5;0;-0.2424
attendre;18;2;0.2359
mouton;31;3;-0.2344
ami;22;2;-0.2327
lequel;22;2;-0.2327
pendre;22;2;-0.2327
province;8;1;0.2287
physique;8;1;0.2287
lieue;8;1;0.2287
liberté;8;1;0.2287
depuis;8;1;0.2287
presque;8;1;0.2287
horreur;8;1;0.2287
Aussitôt;8;1;0.2287
sentir;8;1;0.2287
place;8;1;0.2287
sage;8;1;0.2287
bruit;8;1;0.2287
part;8;1;0.2287
douleur;8;1;0.2287
embarquer;8;1;0.2287
prétendre;8;1;0.2287
demeurer;8;1;0.2287
longue;8;1;0.2287
élever;13;1;-0.2262
retourner;13;1;-0.2262
rencontrer;13;1;-0.2262
vers;13;1;-0.2262
malheur;13;1;-0.2262
Buénos-Ayres;13;1;-0.2262
Eldorado;13;1;-0.2262
point;57;6;-0.2196
croire;39;4;-0.2186
village;12;1;-0.1984
tirer;12;1;-0.1984
pendant;12;1;-0.1984
ailleurs;12;1;-0.1984
bras;12;1;-0.1984
Eh;12;1;-0.1984
non;12;1;-0.1984
gouverneur;12;1;-0.1984
embrasser;12;1;-0.1984
prouver;9;1;0.198
reste;9;1;0.198
lendemain;9;1;0.198
douze;9;1;0.198
louer;9;1;0.198
plein;9;1;0.198
a-t;9;1;0.198
général;9;1;0.198
seulement;9;1;0.198
histoire;9;1;0.198
usage;9;1;0.198
prison;9;1;0.198
garçon;4;0;-0.1939
simple;4;0;-0.1939
arbre;4;0;-0.1939
salle;4;0;-0.1939
composer;4;0;-0.1939
couleur;4;0;-0.1939
frais;4;0;-0.1939
enseigner;4;0;-0.1939
pierre;4;0;-0.1939
agiter;4;0;-0.1939
sien;4;0;-0.1939
particulier;4;0;-0.1939
bouche;4;0;-0.1939
Messieurs;4;0;-0.1939
figure;4;0;-0.1939
payer;4;0;-0.1939
secourir;4;0;-0.1939
On;4;0;-0.1939
N';4;0;-0.1939
santé;4;0;-0.1939
joue;4;0;-0.1939
exercice;4;0;-0.1939
prodige;4;0;-0.1939
vertu;4;0;-0.1939
bonté;4;0;-0.1939
semaine;4;0;-0.1939
peau;4;0;-0.1939
Abares;4;0;-0.1939
parti;4;0;-0.1939
public;4;0;-0.1939
sanglant;4;0;-0.1939
provision;4;0;-0.1939
oublier;4;0;-0.1939
Hollande;4;0;-0.1939
avant;4;0;-0.1939
enchaîner;4;0;-0.1939
dent;4;0;-0.1939
advenir;4;0;-0.1939
nécessaire;4;0;-0.1939
Amérique;4;0;-0.1939
chocolat;4;0;-0.1939
surtout;4;0;-0.1939
combattre;4;0;-0.1939
troupe;4;0;-0.1939
réduire;4;0;-0.1939
commerce;4;0;-0.1939
détruire;4;0;-0.1939
vent;4;0;-0.1939
passager;4;0;-0.1939
humeur;4;0;-0.1939
commander;4;0;-0.1939
frapper;4;0;-0.1939
noyer;4;0;-0.1939
flamme;4;0;-0.1939
Un;4;0;-0.1939
inquisition;4;0;-0.1939
Excellence;4;0;-0.1939
secret;4;0;-0.1939
arracher;4;0;-0.1939
sermon;4;0;-0.1939
frotter;4;0;-0.1939
déjeuner;4;0;-0.1939
inspirer;4;0;-0.1939
ouvrer|ouvrir;4;0;-0.1939
recommander;4;0;-0.1939
faible;4;0;-0.1939
plaire|pleuvoir;4;0;-0.1939
ramener;4;0;-0.1939
consulter;4;0;-0.1939
prudent;4;0;-0.1939
voici;4;0;-0.1939
fouetter;4;0;-0.1939
voyager;4;0;-0.1939
Paraguai;4;0;-0.1939
servante;4;0;-0.1939
Maroc;4;0;-0.1939
commune;4;0;-0.1939
enlever;4;0;-0.1939
combat;4;0;-0.1939
couler;4;0;-0.1939
fureur;4;0;-0.1939
pirate;4;0;-0.1939
pareil;4;0;-0.1939
promettre;4;0;-0.1939
Alger;4;0;-0.1939
janissaire;4;0;-0.1939
Russes;4;0;-0.1939
iman;4;0;-0.1939
caresser;4;0;-0.1939
question;4;0;-0.1939
utile;4;0;-0.1939
pur;4;0;-0.1939
permettre;4;0;-0.1939
colibri;4;0;-0.1939
écuelle;4;0;-0.1939
bas;4;0;-0.1939
retirer;4;0;-0.1939
entier;4;0;-0.1939
lasser;4;0;-0.1939
fruit;4;0;-0.1939
réflexion;4;0;-0.1939
juste;4;0;-0.1939
précipice;4;0;-0.1939
rivière;4;0;-0.1939
matière;4;0;-0.1939
singulier;4;0;-0.1939
palet;4;0;-0.1939
art;4;0;-0.1939
extraordinaire;4;0;-0.1939
trésor;4;0;-0.1939
Vanderdendur;4;0;-0.1939
juge;4;0;-0.1939
convenir;4;0;-0.1939
mêler;4;0;-0.1939
exercer;4;0;-0.1939
nul;4;0;-0.1939
giroflée;4;0;-0.1939
gondolier;4;0;-0.1939
permission;4;0;-0.1939
ennui;4;0;-0.1939
sixième;4;0;-0.1939
Ivan;4;0;-0.1939
Charles-Édouard;4;0;-0.1939
sequin;4;0;-0.1939
Turc;4;0;-0.1939
forçat;4;0;-0.1939
Turquie;4;0;-0.1939
M;11;1;-0.1717
honnête;11;1;-0.1717
souvent;11;1;-0.1717
cinq;11;1;-0.1717
amour;11;1;-0.1717
conduire;11;1;-0.1717
conter;11;1;-0.1717
plaire;11;1;-0.1717
devenir;19;2;-0.1706
moins;19;2;-0.1706
aventure;19;2;-0.1706
milieu;10;1;-0.1461
très-bien;10;1;-0.1461
boire;10;1;-0.1461
assurer;10;1;-0.1461
gagner;10;1;-0.1461
plusieurs;10;1;-0.1461
continuer;10;1;-0.1461
extrême;10;1;-0.1461
horrible;10;1;-0.1461
voyage;10;1;-0.1461
retrouver;10;1;-0.1461
singe;10;1;-0.1461
hollandais;10;1;-0.1461
jugement;3;0;-0.1454
soupçonner;3;0;-0.1454
puissant;3;0;-0.1454
chien;3;0;-0.1454
peser;3;0;-0.1454
précepteur;3;0;-0.1454
nécessairement;3;0;-0.1454
loger;3;0;-0.1454
innocemment;3;0;-0.1454
bois;3;0;-0.1454
expérience;3;0;-0.1454
témoin;3;0;-0.1454
songer;3;0;-0.1454
entrecouper;3;0;-0.1454
paravent;3;0;-0.1454
évanouir;3;0;-0.1454
paradis;3;0;-0.1454
bleu;3;0;-0.1454
accepter;3;0;-0.1454
écu;3;0;-0.1454
Non;3;0;-0.1454
régiment;3;0;-0.1454
aviser;3;0;-0.1454
lier;3;0;-0.1454
volonté;3;0;-0.1454
découvrir;3;0;-0.1454
casser;3;0;-0.1454
obtenir;3;0;-0.1454
faveur;3;0;-0.1454
génie;3;0;-0.1454
métaphysicien;3;0;-0.1454
livrer;3;0;-0.1454
renverser;3;0;-0.1454
baïonnette;3;0;-0.1454
cacher;3;0;-0.1454
tas;3;0;-0.1454
mourant;3;0;-0.1454
éventrer;3;0;-0.1454
suite;3;0;-0.1454
orateur;3;0;-0.1454
Tu;3;0;-0.1454
Ciel;3;0;-0.1454
cruel;3;0;-0.1454
Maître;3;0;-0.1454
violent;3;0;-0.1454
philosophie;3;0;-0.1454
pangloss;3;0;-0.1454
sauter;3;0;-0.1454
reconnaître;3;0;-0.1454
chef-d'œuvre;3;0;-0.1454
défendre;3;0;-0.1454
précisément;3;0;-0.1454
paqueter;3;0;-0.1454
remonter;3;0;-0.1454
compagnon;3;0;-0.1454
attraper;3;0;-0.1454
opposer;3;0;-0.1454
décider;3;0;-0.1454
égal;3;0;-0.1454
étendue;3;0;-0.1454
hésiter;3;0;-0.1454
vingt-quatre;3;0;-0.1454
compte;3;0;-0.1454
emparer;3;0;-0.1454
sorte;3;0;-0.1454
tempête;3;0;-0.1454
déchirer;3;0;-0.1454
aider;3;0;-0.1454
tillac;3;0;-0.1454
planche;3;0;-0.1454
rompre;3;0;-0.1454
brutal;3;0;-0.1454
nager;3;0;-0.1454
publique;3;0;-0.1454
court;3;0;-0.1454
fontaine;3;0;-0.1454
impossible;3;0;-0.1454
familier;3;0;-0.1454
poliment;3;0;-0.1454
subsister;3;0;-0.1454
moyen;3;0;-0.1454
Biscayen;3;0;-0.1454
portugais;3;0;-0.1454
appartement;3;0;-0.1454
soleil;3;0;-0.1454
san-benito;3;0;-0.1454
mitre;3;0;-0.1454
vêtir;3;0;-0.1454
fendre;3;0;-0.1454
bénir;3;0;-0.1454
pommade;3;0;-0.1454
visite;3;0;-0.1454
Qui;3;0;-0.1454
songe;3;0;-0.1454
funeste;3;0;-0.1454
proférer;3;0;-0.1454
respect;3;0;-0.1454
couteau;3;0;-0.1454
colère;3;0;-0.1454
cuisine;3;0;-0.1454
résister;3;0;-0.1454
messe;3;0;-0.1454
naissance;3;0;-0.1454
représenter;3;0;-0.1454
dimanche;3;0;-0.1454
Enfin;3;0;-0.1454
inviter;3;0;-0.1454
ressembler;3;0;-0.1454
dépouiller;3;0;-0.1454
exécuter;3;0;-0.1454
jouir;3;0;-0.1454
long;3;0;-0.1454
impitoyablement;3;0;-0.1454
rival;3;0;-0.1454
principe;3;0;-0.1454
flotte;3;0;-0.1454
fierté;3;0;-0.1454
fermer;3;0;-0.1454
espérance;3;0;-0.1454
Mademoiselle;3;0;-0.1454
border;3;0;-0.1454
Palestrine;3;0;-0.1454
poëtes;3;0;-0.1454
noce;3;0;-0.1454
continuel;3;0;-0.1454
convulsion;3;0;-0.1454
affliger;3;0;-0.1454
très-belle;3;0;-0.1454
mirer;3;0;-0.1454
endroit;3;0;-0.1454
ordinaire;3;0;-0.1454
chevalier;3;0;-0.1454
dur;3;0;-0.1454
ravir;3;0;-0.1454
basané;3;0;-0.1454
mulâtre;3;0;-0.1454
italien;3;0;-0.1454
ruisseau;3;0;-0.1454
musicien;3;0;-0.1454
monarque;3;0;-0.1454
dey;3;0;-0.1454
peste;3;0;-0.1454
sérail;3;0;-0.1454
revendre;3;0;-0.1454
assiéger;3;0;-0.1454
pardonner;3;0;-0.1454
serment;3;0;-0.1454
résoudre;3;0;-0.1454
persuader;3;0;-0.1454
bateau;3;0;-0.1454
traverser;3;0;-0.1454
sot;3;0;-0.1454
continuellement;3;0;-0.1454
parcourir;3;0;-0.1454
prodigieux;3;0;-0.1454
Fernando;3;0;-0.1454
Ibaraa;3;0;-0.1454
Figueora;3;0;-0.1454
Lampourdos;3;0;-0.1454
Souza;3;0;-0.1454
autrefois;3;0;-0.1454
deviner;3;0;-0.1454
fuir;3;0;-0.1454
instant;3;0;-0.1454
embarrasser;3;0;-0.1454
Où;3;0;-0.1454
barrière;3;0;-0.1454
sergent;3;0;-0.1454
provincial;3;0;-0.1454
Allemand;3;0;-0.1454
perroquet;3;0;-0.1454
prononcer;3;0;-0.1454
celer;3;0;-0.1454
Ils;3;0;-0.1454
mémoire;3;0;-0.1454
providence;3;0;-0.1454
souhaiter;3;0;-0.1454
accourir;3;0;-0.1454
sauvage;3;0;-0.1454
inconnu;3;0;-0.1454
prairie;3;0;-0.1454
nue;3;0;-0.1454
user;3;0;-0.1454
bouillir;3;0;-0.1454
rôtir;3;0;-0.1454
Ne;3;0;-0.1454
désespérer;3;0;-0.1454
affreux;3;0;-0.1454
virer;3;0;-0.1454
habiter;3;0;-0.1454
Cayenne;3;0;-0.1454
barque;3;0;-0.1454
voûte;3;0;-0.1454
immense;3;0;-0.1454
large;3;0;-0.1454
quelques-uns;3;0;-0.1454
émeraude;3;0;-0.1454
rubis;3;0;-0.1454
moindre;3;0;-0.1454
trône;3;0;-0.1454
délicieux;3;0;-0.1454
liqueur;3;0;-0.1454
sucre;3;0;-0.1454
satisfaire;3;0;-0.1454
monnaie;3;0;-0.1454
adorer;3;0;-0.1454
matin;3;0;-0.1454
cesse;3;0;-0.1454
carrosse;3;0;-0.1454
priver;3;0;-0.1454
difficile;3;0;-0.1454
machine;3;0;-0.1454
abîmer;3;0;-0.1454
poche;3;0;-0.1454
signifier;3;0;-0.1454
procédé;3;0;-0.1454
mélancolie;3;0;-0.1454
gageure;3;0;-0.1454
système;3;0;-0.1454
injustice;3;0;-0.1454
excepter;3;0;-0.1454
chagrin;3;0;-0.1454
punir;3;0;-0.1454
canaille;3;0;-0.1454
soucier;3;0;-0.1454
vénitien;3;0;-0.1454
café;3;0;-0.1454
infortuné;3;0;-0.1454
importer;3;0;-0.1454
posséder;3;0;-0.1454
Sire;3;0;-0.1454
cinquième;3;0;-0.1454
vizir;3;0;-0.1454
Propontide;3;0;-0.1454
racheter;3;0;-0.1454
bœuf;3;0;-0.1454
banc;3;0;-0.1454
rançon;3;0;-0.1454
Transylvanie;3;0;-0.1454
incision;3;0;-0.1454
crucial;3;0;-0.1454
bouquet;3;0;-0.1454
événement;3;0;-0.1454
muphti;3;0;-0.1454
Henri;3;0;-0.1454
physionomie;2;0;-0.0969
annoncer;2;0;-0.0969
aumônier;2;0;-0.0969
conte;2;0;-0.0969
dignité;2;0;-0.0969
respectable;2;0;-0.0969
digne;2;0;-0.0969
leçon;2;0;-0.0969
caractère;2;0;-0.0969
lunette|lunettes;2;0;-0.0969
tailler;2;0;-0.0969
très-beau;2;0;-0.0969
conséquent;2;0;-0.0969
extrêmement;2;0;-0.0969
hardiesse;2;0;-0.0969
souffler;2;0;-0.0969
désir;2;0;-0.0969
renfermer;2;0;-0.0969
champ;2;0;-0.0969
neige;2;0;-0.0969
lassitude;2;0;-0.0969
tristement;2;0;-0.0969
habiller;2;0;-0.0969
écot;2;0;-0.0969
révérence;2;0;-0.0969
oui;2;0;-0.0969
défenseur;2;0;-0.0969
gloire;2;0;-0.0969
surlendemain;2;0;-0.0969
stupéfaire;2;0;-0.0969
privilège;2;0;-0.0969
animal;2;0;-0.0969
trente-six;2;0;-0.0969
balle;2;0;-0.0969
cervelle;2;0;-0.0969
ignorer;2;0;-0.0969
accorder;2;0;-0.0969
siècle;2;0;-0.0969
bataille;2;0;-0.0969
armée;2;0;-0.0969
infecter;2;0;-0.0969
trentaine;2;0;-0.0969
Te;2;0;-0.0969
camp;2;0;-0.0969
cendre;2;0;-0.0969
soupir;2;0;-0.0969
palpitant;2;0;-0.0969
aumône;2;0;-0.0969
enfermer;2;0;-0.0969
adresser;2;0;-0.0969
charité;2;0;-0.0969
assemblée;2;0;-0.0969
arranger;2;0;-0.0969
antechrist;2;0;-0.0969
chef;2;0;-0.0969
plume;2;0;-0.0969
florin;2;0;-0.0969
étoffe;2;0;-0.0969
prosterner;2;0;-0.0969
épouse;2;0;-0.0969
effort;2;0;-0.0969
compassion;2;0;-0.0969
reculer;2;0;-0.0969
perle;2;0;-0.0969
étable;2;0;-0.0969
vinaigre;2;0;-0.0969
hasard;2;0;-0.0969
morceau;2;0;-0.0969
venger;2;0;-0.0969
soi;2;0;-0.0969
baronne;2;0;-0.0969
goûter;2;0;-0.0969
délice;2;0;-0.0969
source;2;0;-0.0969
novice;2;0;-0.0969
ligne;2;0;-0.0969
Colomb;2;0;-0.0969
indispensable;2;0;-0.0969
île;2;0;-0.0969
génération;2;0;-0.0969
globe;2;0;-0.0969
charitable;2;0;-0.0969
recueillir;2;0;-0.0969
corrompre;2;0;-0.0969
loup;2;0;-0.0969
Tout;2;0;-0.0969
Tandis;2;0;-0.0969
obscurcir;2;0;-0.0969
inconcevable;2;0;-0.0969
prière;2;0;-0.0969
mât;2;0;-0.0969
briser;2;0;-0.0969
entr'ouvrir;2;0;-0.0969
secousse;2;0;-0.0969
suspendre;2;0;-0.0969
secours;2;0;-0.0969
daigner;2;0;-0.0969
bienfaiteur;2;0;-0.0969
reparaître;2;0;-0.0969
engloutir;2;0;-0.0969
échapper;2;0;-0.0969
fondement;2;0;-0.0969
sexe;2;0;-0.0969
Voici;2;0;-0.0969
débris;2;0;-0.0969
manche;2;0;-0.0969
universel;2;0;-0.0969
Batavia;2;0;-0.0969
Japon;2;0;-0.0969
huile;2;0;-0.0969
Lima;2;0;-0.0969
probable;2;0;-0.0969
glisser;2;0;-0.0969
force|forces;2;0;-0.0969
désastre;2;0;-0.0969
ceci;2;0;-0.0969
Apparemment;2;0;-0.0969
péché;2;0;-0.0969
chute;2;0;-0.0969
excuser;2;0;-0.0969
nécessité;2;0;-0.0969
bel;2;0;-0.0969
efficace;2;0;-0.0969
université;2;0;-0.0969
convaincre;2;0;-0.0969
commère;2;0;-0.0969
lard;2;0;-0.0969
fraîcheur;2;0;-0.0969
queue;2;0;-0.0969
griffe;2;0;-0.0969
faux-bourdon;2;0;-0.0969
coutume;2;0;-0.0969
interdire;2;0;-0.0969
éperdre;2;0;-0.0969
prêcher;2;0;-0.0969
absoudre;2;0;-0.0969
courage;2;0;-0.0969
montrer;2;0;-0.0969
propre;2;0;-0.0969
complet;2;0;-0.0969
Padoue;2;0;-0.0969
Compostelle;2;0;-0.0969
dit;2;0;-0.0969
marche;2;0;-0.0969
canal;2;0;-0.0969
brocart;2;0;-0.0969
tremblant;2;0;-0.0969
accident;2;0;-0.0969
innocent;2;0;-0.0969
obéir;2;0;-0.0969
naïf;2;0;-0.0969
témoigner;2;0;-0.0969
prisonnier;2;0;-0.0969
chemise;2;0;-0.0969
attacher;2;0;-0.0969
israélite;2;0;-0.0969
céder;2;0;-0.0969
crédit;2;0;-0.0969
intimider;2;0;-0.0969
sabbat;2;0;-0.0969
fléau;2;0;-0.0969
rafraîchissement;2;0;-0.0969
effroi;2;0;-0.0969
Arrêtez;2;0;-0.0969
fouet;2;0;-0.0969
tromper;2;0;-0.0969
insolence;2;0;-0.0969
cuisinier|cuisinière;2;0;-0.0969
épreuve;2;0;-0.0969
commission;2;0;-0.0969
pourvu;2;0;-0.0969
écria-t;2;0;-0.0969
extrémité;2;0;-0.0969
défaut;2;0;-0.0969
commencement;2;0;-0.0969
balancer;2;0;-0.0969
rapide;2;0;-0.0969
percer;2;0;-0.0969
outre;2;0;-0.0969
rémission;2;0;-0.0969
excommunier;2;0;-0.0969
jaloux;2;0;-0.0969
écurie;2;0;-0.0969
seller;2;0;-0.0969
éloigner;2;0;-0.0969
hier;2;0;-0.0969
Badajos;2;0;-0.0969
téméraire;2;0;-0.0969
belle;2;0;-0.0969
prieur;2;0;-0.0969
équiper;2;0;-0.0969
assembler;2;0;-0.0969
accuser;2;0;-0.0969
révolter;2;0;-0.0969
armer;2;0;-0.0969
adresse;2;0;-0.0969
nôtre;2;0;-0.0969
morale;2;0;-0.0969
plaisant;2;0;-0.0969
éraillé;2;0;-0.0969
magnificence;2;0;-0.0969
talent;2;0;-0.0969
paupière;2;0;-0.0969
sourcil;2;0;-0.0969
effacer;2;0;-0.0969
déshabiller;2;0;-0.0969
extase;2;0;-0.0969
Massa-Carrara;2;0;-0.0969
sonnet;2;0;-0.0969
bagatelle;2;0;-0.0969
fondre;2;0;-0.0969
diligence;2;0;-0.0969
établir;2;0;-0.0969
Malte;2;0;-0.0969
charme;2;0;-0.0969
fleur;2;0;-0.0969
débarquer;2;0;-0.0969
précieux;2;0;-0.0969
retenir;2;0;-0.0969
massacrer;2;0;-0.0969
oranger;2;0;-0.0969
repos;2;0;-0.0969
presser;2;0;-0.0969
mine;2;0;-0.0969
che;2;0;-0.0969
sciagura;2;0;-0.0969
essere;2;0;-0.0969
senza;2;0;-0.0969
coglioni;2;0;-0.0969
instruire;2;0;-0.0969
flatter;2;0;-0.0969
gouverner;2;0;-0.0969
opération;2;0;-0.0969
très-grand;2;0;-0.0969
chapelle;2;0;-0.0969
fournir;2;0;-0.0969
exterminer;2;0;-0.0969
Asie;2;0;-0.0969
déclarer;2;0;-0.0969
au-dessus;2;0;-0.0969
pauvreté;2;0;-0.0969
Quand;2;0;-0.0969
Tripoli;2;0;-0.0969
Alexandrie;2;0;-0.0969
Smyrne;2;0;-0.0969
aga;2;0;-0.0969
Azof;2;0;-0.0969
fait;2;0;-0.0969
appliquer;2;0;-0.0969
réchapper;2;0;-0.0969
proposition;2;0;-0.0969
Dès;2;0;-0.0969
rouer;2;0;-0.0969
ridicule;2;0;-0.0969
exécration;2;0;-0.0969
Anglais;2;0;-0.0969
finir;2;0;-0.0969
désennuyer;2;0;-0.0969
maudire;2;0;-0.0969
dommage;2;0;-0.0969
mesure;2;0;-0.0969
Mascarenes;2;0;-0.0969
démarche;2;0;-0.0969
tenter;2;0;-0.0969
alarmer;2;0;-0.0969
moustache;2;0;-0.0969
revue;2;0;-0.0969
piquer;2;0;-0.0969
alcade;2;0;-0.0969
fuite;2;0;-0.0969
réfugier;2;0;-0.0969
métis;2;0;-0.0969
Tucuman;2;0;-0.0969
Allons;2;0;-0.0969
charmer;2;0;-0.0969
collège;2;0;-0.0969
file;2;0;-0.0969
bonnet;2;0;-0.0969
venu;2;0;-0.0969
parade;2;0;-0.0969
marbre;2;0;-0.0969
vert;2;0;-0.0969
oiseaux-mouches;2;0;-0.0969
oiseau;2;0;-0.0969
rare;2;0;-0.0969
vase;2;0;-0.0969
Paraguains;2;0;-0.0969
vif;2;0;-0.0969
lèvre;2;0;-0.0969
fier;2;0;-0.0969
miracle;2;0;-0.0969
renverse;2;0;-0.0969
cristal;2;0;-0.0969
roche;2;0;-0.0969
mouvement;2;0;-0.0969
supérieur;2;0;-0.0969
colonel;2;0;-0.0969
assurément;2;0;-0.0969
frontière;2;0;-0.0969
jambon;2;0;-0.0969
monture;2;0;-0.0969
condamner;2;0;-0.0969
pousser;2;0;-0.0969
clameur;2;0;-0.0969
taire;2;0;-0.0969
très-grands;2;0;-0.0969
douloureux;2;0;-0.0969
repartir;2;0;-0.0969
antiquité;2;0;-0.0969
certain;2;0;-0.0969
solide;2;0;-0.0969
corde;2;0;-0.0969
écorce;2;0;-0.0969
chaudière;2;0;-0.0969
cuire;2;0;-0.0969
reconduire;2;0;-0.0969
admirer;2;0;-0.0969
eldorado;2;0;-0.0969
fleuve;2;0;-0.0969
brigand;2;0;-0.0969
canot;2;0;-0.0969
Providence;2;0;-0.0969
fleurir;2;0;-0.0969
élargir;2;0;-0.0969
resserrer;2;0;-0.0969
forme;2;0;-0.0969
amuser;2;0;-0.0969
jaune;2;0;-0.0969
magister;2;0;-0.0969
rentrer;2;0;-0.0969
royal;2;0;-0.0969
divertissement;2;0;-0.0969
humblement;2;0;-0.0969
altesse;2;0;-0.0969
mépriser;2;0;-0.0969
odeur;2;0;-0.0969
interprète;2;0;-0.0969
cheveu;2;0;-0.0969
canne;2;0;-0.0969
discrétion;2;0;-0.0969
accoutumer;2;0;-0.0969
différent;2;0;-0.0969
ignorant;2;0;-0.0969
lambris;2;0;-0.0969
inca;2;0;-0.0969
félicité;2;0;-0.0969
métaphysique;2;0;-0.0969
ingrat;2;0;-0.0969
Après;2;0;-0.0969
mécontent;2;0;-0.0969
déplaire;2;0;-0.0969
majesté;2;0;-0.0969
rose;2;0;-0.0969
plaider;2;0;-0.0969
galerie;2;0;-0.0969
cesser;2;0;-0.0969
descendre;2;0;-0.0969
revers;2;0;-0.0969
vœu;2;0;-0.0969
vivre|vivres;2;0;-0.0969
boue;2;0;-0.0969
physicien;2;0;-0.0969
objet;2;0;-0.0969
journée;2;0;-0.0969
encourager;2;0;-0.0969
richesse;2;0;-0.0969
caleçon;2;0;-0.0969
toile;2;0;-0.0969
fameux;2;0;-0.0969
cas;2;0;-0.0969
fétiche;2;0;-0.0969
renoncer;2;0;-0.0969
optimisme;2;0;-0.0969
très-bon;2;0;-0.0969
oh;2;0;-0.0969
examiner;2;0;-0.0969
allumer;2;0;-0.0969
choisir;2;0;-0.0969
durer;2;0;-0.0969
socinien;2;0;-0.0969
cap;2;0;-0.0969
entretenir;2;0;-0.0969
guère;2;0;-0.0969
Au;2;0;-0.0969
submerger;2;0;-0.0969
Pour;2;0;-0.0969
épervier;2;0;-0.0969
différence;2;0;-0.0969
arpent;2;0;-0.0969
Canada;2;0;-0.0969
côtoyer;2;0;-0.0969
frémir;2;0;-0.0969
Méditerranée;2;0;-0.0969
découverte;2;0;-0.0969
maudit;2;0;-0.0969
calamité;2;0;-0.0969
opéra;2;0;-0.0969
gager;2;0;-0.0969
considérer;2;0;-0.0969
dangereux;2;0;-0.0969
acariâtre;2;0;-0.0969
procès;2;0;-0.0969
hôpital;2;0;-0.0969
couvent;2;0;-0.0969
jalousie;2;0;-0.0969
doge;2;0;-0.0969
préférable;2;0;-0.0969
Brenta;2;0;-0.0969
proprement;2;0;-0.0969
orgueil;2;0;-0.0969
ennuyer;2;0;-0.0969
bruir|bruire;2;0;-0.0969
César;2;0;-0.0969
bibliothèque;2;0;-0.0969
Homère;2;0;-0.0969
froid;2;0;-0.0969
Tasse;2;0;-0.0969
Arioste;2;0;-0.0969
ver|vers;2;0;-0.0969
description;2;0;-0.0969
grossier;2;0;-0.0969
estimer;2;0;-0.0969
œuvre;2;0;-0.0969
volume;2;0;-0.0969
recueil;2;0;-0.0969
ouvrage;2;0;-0.0969
Milton;2;0;-0.0969
défigurer;2;0;-0.0969
mariage;2;0;-0.0969
Péché;2;0;-0.0969
disparaître;2;0;-0.0969
Tous;2;0;-0.0969
III;2;0;-0.0969
neveu;2;0;-0.0969
berceau;2;0;-0.0969
Polaques;2;0;-0.0969
résigner;2;0;-0.0969
État;2;0;-0.0969
Théodore;2;0;-0.0969
laver;2;0;-0.0969
présumer;2;0;-0.0969
icoglan;2;0;-0.0969
musulman;2;0;-0.0969
cadi;2;0;-0.0969
plante;2;0;-0.0969
barbier;2;0;-0.0969
service;2;0;-0.0969
dédire;2;0;-0.0969
préétablir;2;0;-0.0969
contingent;2;0;-0.0969
marier;2;0;-0.0969
vivant;2;0;-0.0969
rapporter;2;0;-0.0969
travail;2;0;-0.0969
effendi;2;0;-0.0969
bacha;2;0;-0.0969
cadi|cadis;2;0;-0.0969
expulser;2;0;-0.0969
étrangler;2;0;-0.0969
cédrat;2;0;-0.0969
pistache;2;0;-0.0969
Richard;2;0;-0.0969
II;2;0;-0.0969
chateau;1;0;-0.0485
icelui;1;0;-0.0485
gentilhomme;1;0;-0.0485
onze;1;0;-0.0485
généalogique;1;0;-0.0485
injure;1;0;-0.0485
tapisserie;1;0;-0.0485
basses-cours;1;0;-0.0485
meute;1;0;-0.0485
palefrenier;1;0;-0.0485
piqueur;1;0;-0.0485
vicaire;1;0;-0.0485
Madame;1;0;-0.0485
attirer;1;0;-0.0485
très-grande;1;0;-0.0485
considération;1;0;-0.0485
dix-sept;1;0;-0.0485
gras;1;0;-0.0485
appétissant;1;0;-0.0485
oracle;1;0;-0.0485
métaphysico-théologo-cosmolo-nigologie;1;0;-0.0485
admirablement;1;0;-0.0485
visiblement;1;0;-0.0485
instituer;1;0;-0.0485
chausser;1;0;-0.0485
chausse|chausses;1;0;-0.0485
porc;1;0;-0.0485
degré;1;0;-0.0485
parc;1;0;-0.0485
broussaille;1;0;-0.0485
expérimental;1;0;-0.0485
brun;1;0;-0.0485
très-docile;1;0;-0.0485
disposition;1;0;-0.0485
réitérer;1;0;-0.0485
clairement;1;0;-0.0485
pensif;1;0;-0.0485
bonjour;1;0;-0.0485
vivacité;1;0;-0.0485
sensibilité;1;0;-0.0485
enflammer;1;0;-0.0485
égarer;1;0;-0.0485
souffleter;1;0;-0.0485
consterner;1;0;-0.0485
terrestre;1;0;-0.0485
baronnettes;1;0;-0.0485
sillon;1;0;-0.0485
flocon;1;0;-0.0485
transir;1;0;-0.0485
Valdberghoff-trarbk-dikdorff;1;0;-0.0485
Camarade;1;0;-0.0485
requis;1;0;-0.0485
très-civilement;1;0;-0.0485
modestie;1;0;-0.0485
pouce;1;0;-0.0485
non-seulement;1;0;-0.0485
défrayer;1;0;-0.0485
très-volontiers;1;0;-0.0485
appui;1;0;-0.0485
soutien;1;0;-0.0485
droit|droite;1;0;-0.0485
hausser;1;0;-0.0485
doubler;1;0;-0.0485
camarade;1;0;-0.0485
démêler;1;0;-0.0485
printemps;1;0;-0.0485
atteindre;1;0;-0.0485
juridiquement;1;0;-0.0485
fustiger;1;0;-0.0485
plomb;1;0;-0.0485
choix;1;0;-0.0485
promenade;1;0;-0.0485
nuque;1;0;-0.0485
muscle;1;0;-0.0485
procéder;1;0;-0.0485
course;1;0;-0.0485
bander;1;0;-0.0485
patient;1;0;-0.0485
comprendre;1;0;-0.0485
clémence;1;0;-0.0485
journal|journau;1;0;-0.0485
émollient;1;0;-0.0485
Dioscoride;1;0;-0.0485
ch;1;0;-0.0485
^;1;0;-0.0485
leste;1;0;-0.0485
trompeter;1;0;-0.0485
fifre;1;0;-0.0485
hautbois;1;0;-0.0485
tambour;1;0;-0.0485
mousqueterie;1;0;-0.0485
surface;1;0;-0.0485
millier;1;0;-0.0485
boucherie;1;0;-0.0485
héroïque;1;0;-0.0485
Deum;1;0;-0.0485
par-dessus;1;0;-0.0485
abare;1;0;-0.0485
cribler;1;0;-0.0485
mamelle;1;0;-0.0485
assouvir;1;0;-0.0485
demi;1;0;-0.0485
brûlé;1;0;-0.0485
abares;1;0;-0.0485
marchant;1;0;-0.0485
membre;1;0;-0.0485
bissac;1;0;-0.0485
grave;1;0;-0.0485
correction;1;0;-0.0485
modestement;1;0;-0.0485
excès;1;0;-0.0485
zèle;1;0;-0.0485
baptiser;1;0;-0.0485
ignominieux;1;0;-0.0485
nettoyer;1;0;-0.0485
bière;1;0;-0.0485
manufacture;1;0;-0.0485
Perse;1;0;-0.0485
fabriquer;1;0;-0.0485
infiniment;1;0;-0.0485
générosité;1;0;-0.0485
dureté;1;0;-0.0485
manteau;1;0;-0.0485
pustule;1;0;-0.0485
ronger;1;0;-0.0485
tourmenter;1;0;-0.0485
toux;1;0;-0.0485
cracher;1;0;-0.0485
fantôme;1;0;-0.0485
fixement;1;0;-0.0485
versa;1;0;-0.0485
effrayer|effrayer;1;0;-0.0485
refaire;1;0;-0.0485
rappeler;1;0;-0.0485
rouvre;1;0;-0.0485
pupille;1;0;-0.0485
quant;1;0;-0.0485
grange;1;0;-0.0485
canard;1;0;-0.0485
baronnie;1;0;-0.0485
enquérir;1;0;-0.0485
piteux;1;0;-0.0485
consolateur;1;0;-0.0485
genre;1;0;-0.0485
conservateur;1;0;-0.0485
être|êtres;1;0;-0.0485
sensible;1;0;-0.0485
suivant|suivante;1;0;-0.0485
auguste;1;0;-0.0485
tourment;1;0;-0.0485
très-savant;1;0;-0.0485
comte;1;0;-0.0485
cavalerie;1;0;-0.0485
Christophe;1;0;-0.0485
généalogie;1;0;-0.0485
souche;1;0;-0.0485
ingrédient;1;0;-0.0485
empoisonner;1;0;-0.0485
évidemment;1;0;-0.0485
but;1;0;-0.0485
cochenille;1;0;-0.0485
continent;1;0;-0.0485
controverse;1;0;-0.0485
indien;1;0;-0.0485
persan;1;0;-0.0485
Chinois;1;0;-0.0485
Siamois;1;0;-0.0485
Japonais;1;0;-0.0485
merveilleux;1;0;-0.0485
progrès;1;0;-0.0485
stipendiaire;1;0;-0.0485
destin;1;0;-0.0485
ranger;1;0;-0.0485
vérolé;1;0;-0.0485
sou;1;0;-0.0485
saigner;1;0;-0.0485
lavement;1;0;-0.0485
quelqu'un;1;0;-0.0485
peinture;1;0;-0.0485
touchant;1;0;-0.0485
bon-homme;1;0;-0.0485
dépens;1;0;-0.0485
cure;1;0;-0.0485
arithmétique;1;0;-0.0485
teneur;1;0;-0.0485
caner;1;0;-0.0485
banqueroute;1;0;-0.0485
banqueroutier;1;0;-0.0485
frustrer;1;0;-0.0485
créancier;1;0;-0.0485
borgne;1;0;-0.0485
assaillir;1;0;-0.0485
naufrage;1;0;-0.0485
jacque|jacques;1;0;-0.0485
affaiblir;1;0;-0.0485
expirant;1;0;-0.0485
angoisse;1;0;-0.0485
roulis;1;0;-0.0485
contraire;1;0;-0.0485
inquiéter;1;0;-0.0485
danger;1;0;-0.0485
manœuvre;1;0;-0.0485
furieux;1;0;-0.0485
accrocher;1;0;-0.0485
précipiter;1;0;-0.0485
approche;1;0;-0.0485
priori;1;0;-0.0485
réserve;1;0;-0.0485
vertueux;1;0;-0.0485
heureusement;1;0;-0.0485
bouillonner;1;0;-0.0485
ancre;1;0;-0.0485
tourbillon;1;0;-0.0485
écrouler;1;0;-0.0485
toit;1;0;-0.0485
disperser;1;0;-0.0485
écraser;1;0;-0.0485
siffler;1;0;-0.0485
Quelle;1;0;-0.0485
phénomène;1;0;-0.0485
affronter;1;0;-0.0485
enivrer;1;0;-0.0485
cuver;1;0;-0.0485
Tête;1;0;-0.0485
crucifix;1;0;-0.0485
Quelques;1;0;-0.0485
blesser;1;0;-0.0485
couvert;1;0;-0.0485
traînée;1;0;-0.0485
soufre;1;0;-0.0485
décombre|décombres;1;0;-0.0485
soulager;1;0;-0.0485
citoyen;1;0;-0.0485
Car;1;0;-0.0485
volcan;1;0;-0.0485
originel;1;0;-0.0485
punition;1;0;-0.0485
très-humblement;1;0;-0.0485
malédiction;1;0;-0.0485
absolu;1;0;-0.0485
déterminé;1;0;-0.0485
phrase;1;0;-0.0485
estafier;1;0;-0.0485
Porto;1;0;-0.0485
Oporto;1;0;-0.0485
prévenir;1;0;-0.0485
total;1;0;-0.0485
Coïmbre;1;0;-0.0485
infaillible;1;0;-0.0485
conséquence;1;0;-0.0485
poulet;1;0;-0.0485
disciple;1;0;-0.0485
approbation;1;0;-0.0485
séparément;1;0;-0.0485
incommoder;1;0;-0.0485
revêtir;1;0;-0.0485
papier;1;0;-0.0485
peindre;1;0;-0.0485
procession;1;0;-0.0485
très-pathétique;1;0;-0.0485
cadence;1;0;-0.0485
fracas;1;0;-0.0485
épouvanter;1;0;-0.0485
masure;1;0;-0.0485
pot;1;0;-0.0485
Mangez;1;0;-0.0485
Notre-Dame;1;0;-0.0485
Atocha;1;0;-0.0485
Antoine;1;0;-0.0485
malgré;1;0;-0.0485
dos;1;0;-0.0485
Venez;1;0;-0.0485
isoler;1;0;-0.0485
frappe;1;0;-0.0485
dérobé;1;0;-0.0485
doré;1;0;-0.0485
rêver;1;0;-0.0485
majestueux;1;0;-0.0485
timide;1;0;-0.0485
spiritueux;1;0;-0.0485
demande;1;0;-0.0485
croiser;1;0;-0.0485
auparavant;1;0;-0.0485
échine;1;0;-0.0485
séparation;1;0;-0.0485
étai;1;0;-0.0485
débattre;1;0;-0.0485
mordre;1;0;-0.0485
égratigner;1;0;-0.0485
flanc;1;0;-0.0485
marque;1;0;-0.0485
Continuez;1;0;-0.0485
fil;1;0;-0.0485
déranger;1;0;-0.0485
panser;1;0;-0.0485
blanchir;1;0;-0.0485
nier;1;0;-0.0485
trafiquer;1;0;-0.0485
passionnément;1;0;-0.0485
triompher;1;0;-0.0485
affermir;1;0;-0.0485
apprivoiser;1;0;-0.0485
détromper;1;0;-0.0485
lorgner;1;0;-0.0485
au-dessous;1;0;-0.0485
menacer;1;0;-0.0485
lundi;1;0;-0.0485
mercredi;1;0;-0.0485
convention;1;0;-0.0485
indécis;1;0;-0.0485
samedi;1;0;-0.0485
célébrer;1;0;-0.0485
exécution;1;0;-0.0485
trouble;1;0;-0.0485
comble;1;0;-0.0485
consternation;1;0;-0.0485
incarnat;1;0;-0.0485
parfait;1;0;-0.0485
inutile;1;0;-0.0485
aimable;1;0;-0.0485
bien-aimé;1;0;-0.0485
cruellement;1;0;-0.0485
Agitée;1;0;-0.0485
massacre;1;0;-0.0485
servitude;1;0;-0.0485
pendaison;1;0;-0.0485
miserere;1;0;-0.0485
dévorant;1;0;-0.0485
appétit;1;0;-0.0485
replacer;1;0;-0.0485
signor;1;0;-0.0485
colérique;1;0;-0.0485
hébreu;1;0;-0.0485
Israël;1;0;-0.0485
captivité;1;0;-0.0485
Babylone;1;0;-0.0485
chien|chienne;1;0;-0.0485
galiléen;1;0;-0.0485
poignard;1;0;-0.0485
adverse;1;0;-0.0485
Vestphalien;1;0;-0.0485
roide;1;0;-0.0485
carreau;1;0;-0.0485
Sainte;1;0;-0.0485
Vierge;1;0;-0.0485
minuit;1;0;-0.0485
effaré;1;0;-0.0485
infailliblement;1;0;-0.0485
train;1;0;-0.0485
net;1;0;-0.0485
minute;1;0;-0.0485
prélat;1;0;-0.0485
amoureux;1;0;-0.0485
selle;1;0;-0.0485
bride;1;0;-0.0485
moyadors;1;0;-0.0485
traite;1;0;-0.0485
Hermandad;1;0;-0.0485
Avacéna;1;0;-0.0485
Sierra-Morena;1;0;-0.0485
détresser;1;0;-0.0485
cadix;1;0;-0.0485
embarquement;1;0;-0.0485
Pas;1;0;-0.0485
maravédis;1;0;-0.0485
croupe;1;0;-0.0485
bénédictin;1;0;-0.0485
Lucena;1;0;-0.0485
Chillas;1;0;-0.0485
Lebrixa;1;0;-0.0485
horde;1;0;-0.0485
Saint-Sacrement;1;0;-0.0485
bulgarien;1;0;-0.0485
célérité;1;0;-0.0485
agilité;1;0;-0.0485
infanterie;1;0;-0.0485
traversée;1;0;-0.0485
gémir;1;0;-0.0485
effaroucher;1;0;-0.0485
calme;1;0;-0.0485
constant;1;0;-0.0485
hélas;1;0;-0.0485
démolir;1;0;-0.0485
ajouter;1;0;-0.0485
écarlate;1;0;-0.0485
menton;1;0;-0.0485
Urbain;1;0;-0.0485
X;1;0;-0.0485
quatorze;1;0;-0.0485
auquel;1;0;-0.0485
croître;1;0;-0.0485
gorger;1;0;-0.0485
ferme;1;0;-0.0485
Vénus;1;0;-0.0485
Médicis;1;0;-0.0485
prunelle;1;0;-0.0485
scintillation;1;0;-0.0485
étoile;1;0;-0.0485
fiancer;1;0;-0.0485
pétrir;1;0;-0.0485
agrément;1;0;-0.0485
idolâtrie;1;0;-0.0485
emportement;1;0;-0.0485
pompe;1;0;-0.0485
inouïe;1;0;-0.0485
fête;1;0;-0.0485
carrousel;1;0;-0.0485
opéra-buffa;1;0;-0.0485
passable;1;0;-0.0485
séjour;1;0;-0.0485
terrer;1;0;-0.0485
Gaïète;1;0;-0.0485
dorer;1;0;-0.0485
autel;1;0;-0.0485
Saint-Pierre;1;0;-0.0485
Salé;1;0;-0.0485
absolution;1;0;-0.0485
in;1;0;-0.0485
articulo;1;0;-0.0485
mortis;1;0;-0.0485
canule;1;0;-0.0485
immémorial;1;0;-0.0485
policer;1;0;-0.0485
religieux;1;0;-0.0485
Turques;1;0;-0.0485
déroger;1;0;-0.0485
ravissant;1;0;-0.0485
pucelle;1;0;-0.0485
réserver;1;0;-0.0485
certes;1;0;-0.0485
arrivé|arrivée;1;0;-0.0485
Mulei-Ismael;1;0;-0.0485
carnage;1;0;-0.0485
faction;1;0;-0.0485
butin;1;0;-0.0485
climat;1;0;-0.0485
septentrional;1;0;-0.0485
ardent;1;0;-0.0485
sembler;1;0;-0.0485
Européans;1;0;-0.0485
lait;1;0;-0.0485
veine;1;0;-0.0485
vitriol;1;0;-0.0485
mont;1;0;-0.0485
Atlas;1;0;-0.0485
lion;1;0;-0.0485
contrée;1;0;-0.0485
Maure;1;0;-0.0485
lieutenant;1;0;-0.0485
maure;1;0;-0.0485
cimeterre;1;0;-0.0485
poing;1;0;-0.0485
captif;1;0;-0.0485
basaner;1;0;-0.0485
Mahomet;1;0;-0.0485
cadavre;1;0;-0.0485
entasser;1;0;-0.0485
sommeil;1;0;-0.0485
évanouissement;1;0;-0.0485
insensibilité;1;0;-0.0485
soupirer;1;0;-0.0485
O;1;0;-0.0485
Étonnée;1;0;-0.0485
retomber;1;0;-0.0485
regretter;1;0;-0.0485
Naples;1;0;-0.0485
chaponner;1;0;-0.0485
acquérir;1;0;-0.0485
succès;1;0;-0.0485
puissance;1;0;-0.0485
traité;1;0;-0.0485
poudre;1;0;-0.0485
mission;1;0;-0.0485
Ceuta;1;0;-0.0485
attendrissement;1;0;-0.0485
vendu;1;0;-0.0485
Jamais;1;0;-0.0485
esclavage;1;0;-0.0485
pestiférer;1;0;-0.0485
ravage;1;0;-0.0485
Tunis;1;0;-0.0485
très-galant;1;0;-0.0485
Palus-Méotides;1;0;-0.0485
famine;1;0;-0.0485
contraindre;1;0;-0.0485
très-pieux;1;0;-0.0485
très-compatissant;1;0;-0.0485
Coupez;1;0;-0.0485
saurer;1;0;-0.0485
gré;1;0;-0.0485
éloquence;1;0;-0.0485
baume;1;0;-0.0485
circoncire;1;0;-0.0485
adroit;1;0;-0.0485
plaie;1;0;-0.0485
compagne;1;0;-0.0485
Moscou;1;0;-0.0485
échoir;1;0;-0.0485
partage;1;0;-0.0485
boïard;1;0;-0.0485
jardinier|jardinière;1;0;-0.0485
boïards;1;0;-0.0485
tracasserie;1;0;-0.0485
Russie;1;0;-0.0485
Riga;1;0;-0.0485
Rostock;1;0;-0.0485
Vismar;1;0;-0.0485
Leipsick;1;0;-0.0485
Cassel;1;0;-0.0485
Utrecht;1;0;-0.0485
Leyde;1;0;-0.0485
Haye;1;0;-0.0485
Rotterdam;1;0;-0.0485
vieillir;1;0;-0.0485
opprobre;1;0;-0.0485
penchant;1;0;-0.0485
fardeau;1;0;-0.0485
existence;1;0;-0.0485
volontairement;1;0;-0.0485
Genevois;1;0;-0.0485
professeur;1;0;-0.0485
Robeck;1;0;-0.0485
piqué;1;0;-0.0485
respectueusement;1;0;-0.0485
objection;1;0;-0.0485
convenable;1;0;-0.0485
dédain;1;0;-0.0485
imposer;1;0;-0.0485
affecter;1;0;-0.0485
altier;1;0;-0.0485
mensonge;1;0;-0.0485
officieux;1;0;-0.0485
très;1;0;-0.0485
moderne;1;0;-0.0485
trahir;1;0;-0.0485
supplier;1;0;-0.0485
Don;1;0;-0.0485
relever;1;0;-0.0485
amèrement;1;0;-0.0485
protester;1;0;-0.0485
face;1;0;-0.0485
Église;1;0;-0.0485
obole;1;0;-0.0485
méridional;1;0;-0.0485
fidélité;1;0;-0.0485
scrupule;1;0;-0.0485
prudence;1;0;-0.0485
alguazil;1;0;-0.0485
bijou;1;0;-0.0485
hâte;1;0;-0.0485
joaillier;1;0;-0.0485
indiquer;1;0;-0.0485
poursuite;1;0;-0.0485
poursuivre;1;0;-0.0485
meurtrier;1;0;-0.0485
maltraiter;1;0;-0.0485
Fuyez;1;0;-0.0485
cacambo;1;0;-0.0485
paraguai;1;0;-0.0485
colonie;1;0;-0.0485
chœur;1;0;-0.0485
sacristain;1;0;-0.0485
facteur;1;0;-0.0485
laquer;1;0;-0.0485
pourvoit;1;0;-0.0485
cuistre;1;0;-0.0485
Assomption;1;0;-0.0485
diamètre;1;0;-0.0485
divin;1;0;-0.0485
confesser;1;0;-0.0485
Espagnols;1;0;-0.0485
Madrid;1;0;-0.0485
avançon;1;0;-0.0485
paraguain;1;0;-0.0485
désarmer;1;0;-0.0485
corne;1;0;-0.0485
retroussé;1;0;-0.0485
esponton;1;0;-0.0485
éperon;1;0;-0.0485
verdure;1;0;-0.0485
colonnade;1;0;-0.0485
treillage;1;0;-0.0485
pintade;1;0;-0.0485
maïs;1;0;-0.0485
ardeur;1;0;-0.0485
relevé;1;0;-0.0485
vermeil;1;0;-0.0485
avoine;1;0;-0.0485
crainte;1;0;-0.0485
sale;1;0;-0.0485
sérier;1;0;-0.0485
gobelet;1;0;-0.0485
Ignace;1;0;-0.0485
serrer;1;0;-0.0485
pleur|pleurs;1;0;-0.0485
attendrir;1;0;-0.0485
croire|croître;1;0;-0.0485
Chaque;1;0;-0.0485
accumuler;1;0;-0.0485
attentif;1;0;-0.0485
étincelant;1;0;-0.0485
Allemands;1;0;-0.0485
adorable;1;0;-0.0485
charrette;1;0;-0.0485
bénite;1;0;-0.0485
saler;1;0;-0.0485
goutte;1;0;-0.0485
Croust;1;0;-0.0485
amitié;1;0;-0.0485
recrue;1;0;-0.0485
vigne;1;0;-0.0485
Polonais;1;0;-0.0485
Tyrolien;1;0;-0.0485
sous-diaconat;1;0;-0.0485
lieutenance;1;0;-0.0485
vigoureusement;1;0;-0.0485
seconder;1;0;-0.0485
recommencer;1;0;-0.0485
sauveur;1;0;-0.0485
vainqueur;1;0;-0.0485
insolent;1;0;-0.0485
impudence;1;0;-0.0485
pétrifier;1;0;-0.0485
obligation;1;0;-0.0485
fumant;1;0;-0.0485
beau-frère;1;0;-0.0485
sentinelle;1;0;-0.0485
carrer;1;0;-0.0485
Galopons;1;0;-0.0485
Place;1;0;-0.0485
oreillon;1;0;-0.0485
delà;1;0;-0.0485
vigilant;1;0;-0.0485
valise;1;0;-0.0485
repaître;1;0;-0.0485
exemple;1;0;-0.0485
prolonger;1;0;-0.0485
journal;1;0;-0.0485
Trévoux;1;0;-0.0485
égaré;1;0;-0.0485
précipitamment;1;0;-0.0485
mordant;1;0;-0.0485
abattre;1;0;-0.0485
noisette;1;0;-0.0485
buisson;1;0;-0.0485
fusil;1;0;-0.0485
tire;1;0;-0.0485
péril;1;0;-0.0485
perclus;1;0;-0.0485
Leurs;1;0;-0.0485
égypans;1;0;-0.0485
faune;1;0;-0.0485
satyres;1;0;-0.0485
fable;1;0;-0.0485
éducation;1;0;-0.0485
méchant;1;0;-0.0485
Ces;1;0;-0.0485
mousse;1;0;-0.0485
dénoncer;1;0;-0.0485
garrotter;1;0;-0.0485
cinquantaine;1;0;-0.0485
flèche;1;0;-0.0485
massue;1;0;-0.0485
hache;1;0;-0.0485
désoler;1;0;-0.0485
jargon;1;0;-0.0485
inhumanité;1;0;-0.0485
prochain;1;0;-0.0485
ressource;1;0;-0.0485
corbeau;1;0;-0.0485
corneille;1;0;-0.0485
victoire;1;0;-0.0485
dépouille;1;0;-0.0485
méprise;1;0;-0.0485
vérifier;1;0;-0.0485
mentir;1;0;-0.0485
très-raisonnable;1;0;-0.0485
députer;1;0;-0.0485
notable;1;0;-0.0485
député;1;0;-0.0485
acquitter;1;0;-0.0485
délier;1;0;-0.0485
civilité;1;0;-0.0485
confins;1;0;-0.0485
allégresse;1;0;-0.0485
délivrance;1;0;-0.0485
honnêteté;1;0;-0.0485
hémisphère;1;0;-0.0485
risquer;1;0;-0.0485
facile;1;0;-0.0485
terrible;1;0;-0.0485
obstacle;1;0;-0.0485
consumer;1;0;-0.0485
cocotier;1;0;-0.0485
vide;1;0;-0.0485
emplir;1;0;-0.0485
coco;1;0;-0.0485
courant;1;0;-0.0485
habité;1;0;-0.0485
voguer;1;0;-0.0485
aride;1;0;-0.0485
unir;1;0;-0.0485
escarper;1;0;-0.0485
flot;1;0;-0.0485
rapidité;1;0;-0.0485
fracasser;1;0;-0.0485
écueil;1;0;-0.0485
horizon;1;0;-0.0485
inaccessible;1;0;-0.0485
voiture;1;0;-0.0485
rapidement;1;0;-0.0485
surpasser;1;0;-0.0485
vitesse;1;0;-0.0485
Andalousie;1;0;-0.0485
Tétuan;1;0;-0.0485
Méquinez;1;0;-0.0485
entrée;1;0;-0.0485
bourg;1;0;-0.0485
rond;1;0;-0.0485
ornement;1;0;-0.0485
Mogol;1;0;-0.0485
Sans;1;0;-0.0485
école;1;0;-0.0485
ramasse;1;0;-0.0485
bâtir;1;0;-0.0485
empresser;1;0;-0.0485
très-agréable;1;0;-0.0485
péruvien;1;0;-0.0485
maternel;1;0;-0.0485
drap;1;0;-0.0485
renouer;1;0;-0.0485
ruban;1;0;-0.0485
potage;1;0;-0.0485
garnir;1;0;-0.0485
contour;1;0;-0.0485
ragoût;1;0;-0.0485
exquis;1;0;-0.0485
pâtisserie;1;0;-0.0485
voiturier;1;0;-0.0485
circonspect;1;0;-0.0485
hôte|hôtesse;1;0;-0.0485
éclater;1;0;-0.0485
paiement;1;0;-0.0485
commodité;1;0;-0.0485
chérer;1;0;-0.0485
admiration;1;0;-0.0485
égarement;1;0;-0.0485
probablement;1;0;-0.0485
communicatif;1;0;-0.0485
antichambre;1;0;-0.0485
incruster;1;0;-0.0485
simplicité;1;0;-0.0485
sofa;1;0;-0.0485
matelasser;1;0;-0.0485
écuyer;1;0;-0.0485
étonnant;1;0;-0.0485
révolution;1;0;-0.0485
Pérou;1;0;-0.0485
très-imprudemment;1;0;-0.0485
subjuguer;1;0;-0.0485
natal;1;0;-0.0485
consentement;1;0;-0.0485
conserver;1;0;-0.0485
confus;1;0;-0.0485
Raleigh;1;0;-0.0485
inabordable;1;0;-0.0485
abri;1;0;-0.0485
rapacité;1;0;-0.0485
rouler;1;0;-0.0485
interroger;1;0;-0.0485
Mes;1;0;-0.0485
cantique;1;0;-0.0485
solennellement;1;0;-0.0485
cabaler;1;0;-0.0485
Ceci;1;0;-0.0485
atteler;1;0;-0.0485
situer;1;0;-0.0485
portail;1;0;-0.0485
exprimer;1;0;-0.0485
supériorité;1;0;-0.0485
sable;1;0;-0.0485
descente;1;0;-0.0485
bain;1;0;-0.0485
tissu;1;0;-0.0485
duvet;1;0;-0.0485
officière;1;0;-0.0485
couronne;1;0;-0.0485
lécher;1;0;-0.0485
poussière;1;0;-0.0485
édifice;1;0;-0.0485
colonne;1;0;-0.0485
paver;1;0;-0.0485
semblable;1;0;-0.0485
girofle;1;0;-0.0485
cannelle;1;0;-0.0485
instrument;1;0;-0.0485
mathématique;1;0;-0.0485
après-dînée;1;0;-0.0485
millième;1;0;-0.0485
traduire;1;0;-0.0485
hospice;1;0;-0.0485
passablement;1;0;-0.0485
tyrannie;1;0;-0.0485
sortie;1;0;-0.0485
hauteur;1;0;-0.0485
muraille;1;0;-0.0485
largeur;1;0;-0.0485
espace;1;0;-0.0485
intendant;1;0;-0.0485
commodément;1;0;-0.0485
enceinte;1;0;-0.0485
ingénieur;1;0;-0.0485
guinder;1;0;-0.0485
sterling;1;0;-0.0485
sellé;1;0;-0.0485
brider;1;0;-0.0485
franchir;1;0;-0.0485
bât;1;0;-0.0485
vagabond;1;0;-0.0485
départ;1;0;-0.0485
ingénieux;1;0;-0.0485
hisser;1;0;-0.0485
sûreté;1;0;-0.0485
possesseur;1;0;-0.0485
rassembler;1;0;-0.0485
marais;1;0;-0.0485
sept;1;0;-0.0485
désert;1;0;-0.0485
périssable;1;0;-0.0485
appartenant;1;0;-0.0485
Hollandais;1;0;-0.0485
approchant;1;0;-0.0485
négociant;1;0;-0.0485
vêtement;1;0;-0.0485
sucrerie;1;0;-0.0485
meule;1;0;-0.0485
patagon;1;0;-0.0485
Guinée;1;0;-0.0485
convertir;1;0;-0.0485
Adam;1;0;-0.0485
généalogiste;1;0;-0.0485
prêcheur;1;0;-0.0485
cousin;1;0;-0.0485
issu;1;0;-0.0485
germain;1;0;-0.0485
abomination;1;0;-0.0485
justement;1;0;-0.0485
favorite;1;0;-0.0485
foudre;1;0;-0.0485
habile;1;0;-0.0485
difficulté;1;0;-0.0485
défier;1;0;-0.0485
toi;1;0;-0.0485
résolution;1;0;-0.0485
versant;1;0;-0.0485
Combien;1;0;-0.0485
demanda-t;1;0;-0.0485
droiture;1;0;-0.0485
bagage;1;0;-0.0485
Puis;1;0;-0.0485
Ouais;1;0;-0.0485
insister;1;0;-0.0485
avance;1;0;-0.0485
joindre;1;0;-0.0485
démarrer;1;0;-0.0485
favoriser;1;0;-0.0485
éperdu;1;0;-0.0485
cria-t;1;0;-0.0485
retourne;1;0;-0.0485
troublé;1;0;-0.0485
patiemment;1;0;-0.0485
sitôt;1;0;-0.0485
audience;1;0;-0.0485
bile;1;0;-0.0485
plonger;1;0;-0.0485
méchanceté;1;0;-0.0485
laideur;1;0;-0.0485
nourriture;1;0;-0.0485
prétendant;1;0;-0.0485
contenir;1;0;-0.0485
apparent;1;0;-0.0485
vingtaine;1;0;-0.0485
sociable;1;0;-0.0485
préférence;1;0;-0.0485
fidèlement;1;0;-0.0485
titre;1;0;-0.0485
gratification;1;0;-0.0485
séance;1;0;-0.0485
ressouvenir;1;0;-0.0485
Amsterdam;1;0;-0.0485
emploi;1;0;-0.0485
duquel;1;0;-0.0485
prédicant;1;0;-0.0485
persécuter;1;0;-0.0485
apaiser;1;0;-0.0485
Bonne-Espérance;1;0;-0.0485
pencher;1;0;-0.0485
globule;1;0;-0.0485
malfaisant;1;0;-0.0485
désirer;1;0;-0.0485
ramper;1;0;-0.0485
troupeau;1;0;-0.0485
chair;1;0;-0.0485
assassin;1;0;-0.0485
enrégimenter;1;0;-0.0485
meurtre;1;0;-0.0485
brigandage;1;0;-0.0485
discipline;1;0;-0.0485
paix;1;0;-0.0485
dispute;1;0;-0.0485
lunette;1;0;-0.0485
distance;1;0;-0.0485
lâcher;1;0;-0.0485
bordée;1;0;-0.0485
distinctement;1;0;-0.0485
centaine;1;0;-0.0485
effroyable;1;0;-0.0485
diabolique;1;0;-0.0485
éclatant;1;0;-0.0485
détacher;1;0;-0.0485
chaloupe;1;0;-0.0485
tous;1;0;-0.0485
scélérat;1;0;-0.0485
ensevelir;1;0;-0.0485
communiquer;1;0;-0.0485
Puisque;1;0;-0.0485
folle|fou;1;0;-0.0485
ruser;1;0;-0.0485
communément;1;0;-0.0485
bête;1;0;-0.0485
principal;1;0;-0.0485
occupation;1;0;-0.0485
médire;1;0;-0.0485
chaos;1;0;-0.0485
presse;1;0;-0.0485
séjourner;1;0;-0.0485
filou;1;0;-0.0485
foire;1;0;-0.0485
Saint-Germain;1;0;-0.0485
voleur;1;0;-0.0485
correcteur;1;0;-0.0485
imprimerie;1;0;-0.0485
écrivant;1;0;-0.0485
cabalante;1;0;-0.0485
convulsionnaire;1;0;-0.0485
Très-volontiers;1;0;-0.0485
originairement;1;0;-0.0485
rêverie;1;0;-0.0485
débiter;1;0;-0.0485
formé;1;0;-0.0485
mutuellement;1;0;-0.0485
menteur;1;0;-0.0485
fourbe;1;0;-0.0485
perfide;1;0;-0.0485
volage;1;0;-0.0485
lâche;1;0;-0.0485
envieux;1;0;-0.0485
gourmand;1;0;-0.0485
ivrogne;1;0;-0.0485
avare;1;0;-0.0485
ambitieux;1;0;-0.0485
sanguinaire;1;0;-0.0485
calomniateur;1;0;-0.0485
débaucher;1;0;-0.0485
fanatique;1;0;-0.0485
hypocrite;1;0;-0.0485
pigeon;1;0;-0.0485
changer;1;0;-0.0485
arbitre;1;0;-0.0485
angleterre;1;0;-0.0485
Quelque;1;0;-0.0485
choser;1;0;-0.0485
folie;1;0;-0.0485
dépenser;1;0;-0.0485
atrabilaire;1;0;-0.0485
causant;1;0;-0.0485
multitude;1;0;-0.0485
bandé;1;0;-0.0485
poster;1;0;-0.0485
vis-à-vis;1;0;-0.0485
crâne;1;0;-0.0485
paisiblement;1;0;-0.0485
démon;1;0;-0.0485
incontestable;1;0;-0.0485
répliqua-t;1;0;-0.0485
étourdir;1;0;-0.0485
choquer;1;0;-0.0485
(;1;0;-0.0485
);1;0;-0.0485
délai;1;0;-0.0485
détroit;1;0;-0.0485
embrassant;1;0;-0.0485
drôlesse;1;0;-0.0485
illusion;1;0;-0.0485
moda;1;0;-0.0485
tentation;1;0;-0.0485
conseiller;1;0;-0.0485
consolant;1;0;-0.0485
augmenter;1;0;-0.0485
important;1;0;-0.0485
Saint-Marc;1;0;-0.0485
poteler;1;0;-0.0485
vigoureux;1;0;-0.0485
amoureusement;1;0;-0.0485
pincer;1;0;-0.0485
habitable;1;0;-0.0485
très-heureuses;1;0;-0.0485
compliment;1;0;-0.0485
invite;1;0;-0.0485
macaroni;1;0;-0.0485
perdrix;1;0;-0.0485
Lombardie;1;0;-0.0485
œuf;1;0;-0.0485
esturgeon;1;0;-0.0485
Montepulciano;1;0;-0.0485
lacryma-christi;1;0;-0.0485
chypre;1;0;-0.0485
samos;1;0;-0.0485
regardant;1;0;-0.0485
confusion;1;0;-0.0485
confesseur;1;0;-0.0485
suite|suites;1;0;-0.0485
reconnaissance;1;0;-0.0485
furie;1;0;-0.0485
outrer;1;0;-0.0485
rhume;1;0;-0.0485
intenter;1;0;-0.0485
criminel;1;0;-0.0485
succéder;1;0;-0.0485
supplanter;1;0;-0.0485
récompense;1;0;-0.0485
abîme;1;0;-0.0485
profession;1;0;-0.0485
indifféremment;1;0;-0.0485
avocat;1;0;-0.0485
insulte;1;0;-0.0485
avanie;1;0;-0.0485
emprunter;1;0;-0.0485
jupe;1;0;-0.0485
dégoûtant;1;0;-0.0485
rançonner;1;0;-0.0485
perspective;1;0;-0.0485
vieillesse;1;0;-0.0485
fumier;1;0;-0.0485
Frère;1;0;-0.0485
complaisance;1;0;-0.0485
amusant;1;0;-0.0485
confiance;1;0;-0.0485
envier;1;0;-0.0485
récréation;1;0;-0.0485
forcer;1;0;-0.0485
endosser;1;0;-0.0485
aîné;1;0;-0.0485
confondre;1;0;-0.0485
discorde;1;0;-0.0485
monastère;1;0;-0.0485
mur;1;0;-0.0485
dortoir;1;0;-0.0485
confrère;1;0;-0.0485
ménage;1;0;-0.0485
marmot;1;0;-0.0485
médiocre;1;0;-0.0485
pococurante;1;0;-0.0485
gondole;1;0;-0.0485
statue;1;0;-0.0485
architecture;1;0;-0.0485
très-poliment;1;0;-0.0485
déconcerter;1;0;-0.0485
mis;1;0;-0.0485
mousser;1;0;-0.0485
las;1;0;-0.0485
coquetterie;1;0;-0.0485
petitesse;1;0;-0.0485
Raphaël;1;0;-0.0485
vanité;1;0;-0.0485
très-rembrunie;1;0;-0.0485
arrondir;1;0;-0.0485
draperie;1;0;-0.0485
imitation;1;0;-0.0485
concerto;1;0;-0.0485
demi-heure;1;0;-0.0485
fatiguer;1;0;-0.0485
très-mal;1;0;-0.0485
chanson;1;0;-0.0485
gosier;1;0;-0.0485
pâmer;1;0;-0.0485
châtrer;1;0;-0.0485
fredonner;1;0;-0.0485
rôle;1;0;-0.0485
Caton;1;0;-0.0485
chèrement;1;0;-0.0485
entièrement;1;0;-0.0485
magnifiquement;1;0;-0.0485
relier;1;0;-0.0485
illustrissime;1;0;-0.0485
froidement;1;0;-0.0485
accroire;1;0;-0.0485
lisant;1;0;-0.0485
répétition;1;0;-0.0485
décisif;1;0;-0.0485
Hélène;1;0;-0.0485
Troie;1;0;-0.0485
lecture;1;0;-0.0485
sincère;1;0;-0.0485
monument;1;0;-0.0485
médaille;1;0;-0.0485
rouillé;1;0;-0.0485
excellence;1;0;-0.0485
Virgile;1;0;-0.0485
Énéide;1;0;-0.0485
pieu;1;0;-0.0485
Énée;1;0;-0.0485
Cloanthe;1;0;-0.0485
Achates;1;0;-0.0485
Ascanius;1;0;-0.0485
imbécile;1;0;-0.0485
Latinus;1;0;-0.0485
bourgeois;1;0;-0.0485
Amata;1;0;-0.0485
Lavinia;1;0;-0.0485
désagréable;1;0;-0.0485
debout;1;0;-0.0485
Horace;1;0;-0.0485
profit;1;0;-0.0485
énergique;1;0;-0.0485
graver;1;0;-0.0485
Brindes;1;0;-0.0485
crocheteur;1;0;-0.0485
Pupilus;1;0;-0.0485
pus;1;0;-0.0485
dégoût;1;0;-0.0485
sorcier;1;0;-0.0485
Mecenas;1;0;-0.0485
lyrique;1;0;-0.0485
astre;1;0;-0.0485
façon;1;0;-0.0485
raisonnable;1;0;-0.0485
Cicéron;1;0;-0.0485
Vénitien;1;0;-0.0485
Rabirius;1;0;-0.0485
Cluentius;1;0;-0.0485
philosophique;1;0;-0.0485
quatre-vingts;1;0;-0.0485
académie;1;0;-0.0485
fatras;1;0;-0.0485
inventer;1;0;-0.0485
épingle;1;0;-0.0485
vain;1;0;-0.0485
douzaine;1;0;-0.0485
Sénèque;1;0;-0.0485
rayon;1;0;-0.0485
républicain;1;0;-0.0485
librement;1;0;-0.0485
césar;1;0;-0.0485
Antonins;1;0;-0.0485
jacobin;1;0;-0.0485
estimable;1;0;-0.0485
commentaire;1;0;-0.0485
Genèse;1;0;-0.0485
imitateur;1;0;-0.0485
Grecs;1;0;-0.0485
création;1;0;-0.0485
Moïse;1;0;-0.0485
compas;1;0;-0.0485
Messiah;1;0;-0.0485
armoire;1;0;-0.0485
tracer;1;0;-0.0485
déguiser;1;0;-0.0485
Lucifer;1;0;-0.0485
crapaud;1;0;-0.0485
pygmée;1;0;-0.0485
rebattre;1;0;-0.0485
imiter;1;0;-0.0485
sérieusement;1;0;-0.0485
invention;1;0;-0.0485
comique;1;0;-0.0485
extravagance;1;0;-0.0485
couleuvre;1;0;-0.0485
accoucher;1;0;-0.0485
vomir;1;0;-0.0485
délicat;1;0;-0.0485
fossoyeur;1;0;-0.0485
poëme;1;0;-0.0485
obscur;1;0;-0.0485
contemporain;1;0;-0.0485
colifichet;1;0;-0.0485
planter;1;0;-0.0485
dessin;1;0;-0.0485
Son;1;0;-0.0485
Or;1;0;-0.0485
çà;1;0;-0.0485
Platon;1;0;-0.0485
estomac;1;0;-0.0485
aliment;1;0;-0.0485
critiquer;1;0;-0.0485
écouler;1;0;-0.0485
suie;1;0;-0.0485
Soyez;1;0;-0.0485
Chine;1;0;-0.0485
agent;1;0;-0.0485
bouleverser;1;0;-0.0485
étonné;1;0;-0.0485
surpris;1;0;-0.0485
mascarade;1;0;-0.0485
différemment;1;0;-0.0485
sire;1;0;-0.0485
coffrer;1;0;-0.0485
pourvoir;1;0;-0.0485
adieu;1;0;-0.0485
gravement;1;0;-0.0485
Mahmoud;1;0;-0.0485
Russies;1;0;-0.0485
partisan;1;0;-0.0485
grand-père;1;0;-0.0485
héréditaire;1;0;-0.0485
Sarmates;1;0;-0.0485
Vistule;1;0;-0.0485
élire;1;0;-0.0485
Corse;1;0;-0.0485
appelle-t;1;0;-0.0485
denier;1;0;-0.0485
secrétaire;1;0;-0.0485
Londres;1;0;-0.0485
paille;1;0;-0.0485
Vos;1;0;-0.0485
Majestés;1;0;-0.0485
sérénissime;1;0;-0.0485
constantinople;1;0;-0.0485
hautesse;1;0;-0.0485
vraisemblable;1;0;-0.0485
ouïr;1;0;-0.0485
très-commun;1;0;-0.0485
égard;1;0;-0.0485
aime-t;1;0;-0.0485
porte-t;1;0;-0.0485
Ragotski;1;0;-0.0485
Grand;1;0;-0.0485
asile;1;0;-0.0485
abject;1;0;-0.0485
Bon;1;0;-0.0485
señor;1;0;-0.0485
Mascarenès;1;0;-0.0485
bravement;1;0;-0.0485
pirater;1;0;-0.0485
Matapan;1;0;-0.0485
Milo;1;0;-0.0485
Nicarie;1;0;-0.0485
Samos;1;0;-0.0485
Petra;1;0;-0.0485
Dardanelles;1;0;-0.0485
Marmara;1;0;-0.0485
Scutari;1;0;-0.0485
Ensuite;1;0;-0.0485
apprécier;1;0;-0.0485
Noire;1;0;-0.0485
chiourme;1;0;-0.0485
galérien;1;0;-0.0485
trait;1;0;-0.0485
ressemblance;1;0;-0.0485
attrister;1;0;-0.0485
rame;1;0;-0.0485
veiller;1;0;-0.0485
Chien;1;0;-0.0485
remener;1;0;-0.0485
éclair;1;0;-0.0485
offre;1;0;-0.0485
proue;1;0;-0.0485
Abraham;1;0;-0.0485
libérateur;1;0;-0.0485
écurer;1;0;-0.0485
vaisselle;1;0;-0.0485
etc;1;0;-0.0485
Pardon;1;0;-0.0485
blessure;1;0;-0.0485
apothicaire;1;0;-0.0485
ambassadeur;1;0;-0.0485
fonction;1;0;-0.0485
chaud;1;0;-0.0485
fût;1;0;-0.0485
capital;1;0;-0.0485
verse;1;0;-0.0485
orage;1;0;-0.0485
nombril;1;0;-0.0485
clavicule;1;0;-0.0485
exécuteur;1;0;-0.0485
sous-diacre;1;0;-0.0485
mouiller;1;0;-0.0485
nouer;1;0;-0.0485
respirer;1;0;-0.0485
hérétique;1;0;-0.0485
exorciser;1;0;-0.0485
Ayez;1;0;-0.0485
enhardir;1;0;-0.0485
recoudre;1;0;-0.0485
suivi;1;0;-0.0485
fantaisie;1;0;-0.0485
mosquée;1;0;-0.0485
patenôtre;1;0;-0.0485
téton;1;0;-0.0485
tulipe;1;0;-0.0485
anémone;1;0;-0.0485
renoncule;1;0;-0.0485
hyacinthe;1;0;-0.0485
très-respectueux;1;0;-0.0485
latte;1;0;-0.0485
Marseille;1;0;-0.0485
napolitain;1;0;-0.0485
Corfou;1;0;-0.0485
enchaînement;1;0;-0.0485
convenir|convier;1;0;-0.0485
Leibnitz;1;0;-0.0485
subtil;1;0;-0.0485
consolation;1;0;-0.0485
serviette;1;0;-0.0485
ficelle;1;0;-0.0485
sécher;1;0;-0.0485
pâlir;1;0;-0.0485
rembrunir;1;0;-0.0485
sèche;1;0;-0.0485
ridé;1;0;-0.0485
écaillé;1;0;-0.0485
enlaidir;1;0;-0.0485
promesse;1;0;-0.0485
bassesse;1;0;-0.0485
vôtre;1;0;-0.0485
infamie;1;0;-0.0485
reprocher;1;0;-0.0485
inflexible;1;0;-0.0485
retuerais;1;0;-0.0485
conclusion;1;0;-0.0485
vivement;1;0;-0.0485
approuver;1;0;-0.0485
friponner;1;0;-0.0485
insupportable;1;0;-0.0485
infirme;1;0;-0.0485
légume;1;0;-0.0485
excéder;1;0;-0.0485
maudissait;1;0;-0.0485
fermement;1;0;-0.0485
également;1;0;-0.0485
patience;1;0;-0.0485
exil;1;0;-0.0485
Lemnos;1;0;-0.0485
Mytilène;1;0;-0.0485
Erzeroum;1;0;-0.0485
empailler;1;0;-0.0485
dissertation;1;0;-0.0485
excessif;1;0;-0.0485
pire;1;0;-0.0485
passé;1;0;-0.0485
léthargie;1;0;-0.0485
confirmer;1;0;-0.0485
raccommoder;1;0;-0.0485
brouiller;1;0;-0.0485
prévoir;1;0;-0.0485
dissiper;1;0;-0.0485
regorger;1;0;-0.0485
eh;1;0;-0.0485
philosopher;1;0;-0.0485
très-fameux;1;0;-0.0485
Hautesse;1;0;-0.0485
Égypte;1;0;-0.0485
embarrasse-t;1;0;-0.0485
origine;1;0;-0.0485
nouvelle;1;0;-0.0485
empaler;1;0;-0.0485
catastrophe;1;0;-0.0485
bonhomme;1;0;-0.0485
misérablement;1;0;-0.0485
contenter;1;0;-0.0485
sorbet;1;0;-0.0485
kaïmak;1;0;-0.0485
confire;1;0;-0.0485
orange;1;0;-0.0485
citron;1;0;-0.0485
limon;1;0;-0.0485
ananas;1;0;-0.0485
datte;1;0;-0.0485
Moka;1;0;-0.0485
parfumer;1;0;-0.0485
barbe;1;0;-0.0485
vaste;1;0;-0.0485
magnifique;1;0;-0.0485
vice;1;0;-0.0485
grandeur;1;0;-0.0485
rapport;1;0;-0.0485
Églon;1;0;-0.0485
Moabites;1;0;-0.0485
assassiner;1;0;-0.0485
Aod;1;0;-0.0485
Absalon;1;0;-0.0485
dard;1;0;-0.0485
Nadab;1;0;-0.0485
Jéroboam;1;0;-0.0485
Baasa;1;0;-0.0485
Éla;1;0;-0.0485
Zambri;1;0;-0.0485
Ochosias;1;0;-0.0485
Jéhu;1;0;-0.0485
Athalie;1;0;-0.0485
Joïada;1;0;-0.0485
Joachim;1;0;-0.0485
Jéchonias;1;0;-0.0485
Sédécias;1;0;-0.0485
Crésus;1;0;-0.0485
Astyage;1;0;-0.0485
Darius;1;0;-0.0485
Denys;1;0;-0.0485
Syracuse;1;0;-0.0485
Pyrrhus;1;0;-0.0485
Persée;1;0;-0.0485
Annibal;1;0;-0.0485
Jugurtha;1;0;-0.0485
Arioviste;1;0;-0.0485
Pompée;1;0;-0.0485
Néron;1;0;-0.0485
Othon;1;0;-0.0485
Vitellius;1;0;-0.0485
Domitien;1;0;-0.0485
Édouard;1;0;-0.0485
VI;1;0;-0.0485
Marie;1;0;-0.0485
Stuart;1;0;-0.0485
Charles;1;0;-0.0485
Ier;1;0;-0.0485
IV;1;0;-0.0485
Éden;1;0;-0.0485
ut;1;0;-0.0485
operaretur;1;0;-0.0485
eum;1;0;-0.0485
supportable;1;0;-0.0485
Toute;1;0;-0.0485
société;1;0;-0.0485
louable;1;0;-0.0485
pâtissier;1;0;-0.0485
broder;1;0;-0.0485
linge;1;0;-0.0485
menuisier;1;0;-0.0485
confit;1;0;-0.0485
FIN;1;0;-0.0485
DE;1;0;-0.0485
CANDIDE;1;0;-0.0485
